Howling Dawn,114669.75
Harp of War (Holo),69123.68
Crown (Foil),47553.54
Winged Defuser,38222.48
Flammable (Foil),11619.86
Swag (Foil),6835.08
Headhunter (Foil),3570.81
Health (Gold),1240.72
Global Elite (Foil),1110.76
Stupid Banana (Foil),1021.32
New Sheriff (Foil),991.51
Dragon Lore (Foil),941.82
Move It (Foil),841.67
Runtime (Holo),819.50
Lucky 13 (Foil),765.22
Emperor (Foil),679.60
Basilisk (Foil),600.10
Infinite Diamond (Holo),574.87
Perry (Holo),574.87
Chaos Marine (Foil),511.42
Phoenix Reborn (Foil),503.78
Dragon (Foil),489.25
Lurker (Foil),460.97
Purrurists (Foil),451.03
Toxic (Foil),450.26
Lambda (Holo),440.33
Tornado Chaos (Foil),418.92
Miami Tier6 (Holo),416.63
Firestarter (Holo),409.75
Lucky Cat (Foil),408.22
Phoenix (Foil),408.22
Bomb Squad (Foil),405.16
Rage,399.81
Killjoy (Holo),390.64
Aces High (Holo),387.58
Bullet Rain (Foil),381.46
The Pro (Foil),356.24
Boom (Foil),351.65
Vigilance (Holo),351.65
Fancy Koi (Foil),345.53
Bash (Holo),340.95
Luck Skill (Foil),340.18
Ivette (Holo),337.89
Bullet Hell (Foil),330.24
Hot Wings,330.24
Battle Scarred (Holo),329.48
Bish (Holo),316.48
Poorly Drawn FBI (Holo),311.13
Big Clucks (Foil),305.78
Hello AWP (Gold),305.02
Unicorn (Holo),304.25
Longevity (Foil),301.96
Pegasus (Holo),301.96
Sherry (Holo),275.20
Bosh (Holo),273.67
Camper (Foil),260.68
Bomb Doge,256.09
Incineration (Holo),253.03
Doppler Poison Frog (Foil),252.27
Ace Devil (Foil),243.09
Stan (Holo),242.33
Move It (Holo),242.33
Gold Nova (Holo),241.57
Tamara (Holo),239.27
Pixiu (Foil),237.74
Cotton Candy Flow (Holo),230.86
Bloodthirster (Foil),230.10
Jack (Holo),230.10
Devouring Flame (Holo),229.33
Last Vance (Gold),224.75
Bite Me (Foil),220.16
Assassin (Holo),216.34
Silver (Foil),207.93
Poorly Drawn Terrorist (Holo),204.87
"Rock, Paper, Scissors (Foil)",202.58
"PAC AI (Foil)
",202.58
Face Me (Foil),196.46
Don't Worry (Foil),188.82
Nice Shot,185.76
Guardian Dragon (Foil),184.23
Countdown (Foil),184.23
V For Victory (Holo),184.23
Supreme Master First Class (Holo),179.64
Liquid Fire (Holo),175.82
Fowl Play (Holo),173.53
Flame Tier6 (Holo),172.00
Poorly Drawn Chicken (Holo),167.41
Hello AK-47 (Gold),162.83
Viggo (Holo),159.77
Legendary (Foil),155.95
Heresy (Holo),155.18
Opal Flick (Holo),154.42
Roosty Boosty (Foil),153.65
Poorly Drawn Number K (Holo),152.89
Kimberly (Holo),152.12
Ultraviolet Poison Frog (Foil),149.07
Baited (Holo),149.07
Cheongsam (Holo),149.07
T On Cat,149.07
Welcome to the Clutch,147.54
Great Wave (Foil),142.95
Lore Poison Frog (Foil),138.36
Neon Opal Strafe (Holo),136.07
Rekt (Holo),135.31
Poorly Drawn Bloody Darryl (Holo),133.01
The Real MVP (Foil),132.25
Friendly Fire (Holo),132.25
Max (Holo),132.25
Gold Web (Foil),129.95
Poorly Drawn SAS (Holo),129.95
Teamwork (Holo),129.95
Rush 4x20 (Holo),129.19
BukAWP,127.66
Miami Flow (Holo),126.13
Good Game,126.13
Mr. Chompy (Foil),125.37
Small Arms (Holo),125.37
Water Gun,124.60
Fire in the Hole (Holo),123.84
Boom (Holo),123.84
Cheongsam,120.02
Forge Tier6 (Holo),119.25
Fearsome (Holo),119.25
First Blood (Holo),118.49
Joan (Holo),118.49
Hot Wings (Holo),115.43
Dragon Lore Surf Ava (Foil),114.66
Phoenix Balaclava Co. (Holo),114.66
Legendary Eagle Master (Holo),114.66
All Hail the King (Foil),110.84
Hello UMP-45 (Gold),110.84
Toxic Flow (Holo),110.08
Merietta (Holo),108.55
Good Luck,108.55
Hard Cluck Life (Foil),107.78
Noble (Holo),107.02
Manticore (Holo),106.26
Boris (Holo),105.49
The Fragger,105.49
Unicorn,103.20
Assassin,102.43
The Ninja,102.43
Silent Ninja (Foil),100.14
Countdown (Holo),99.38
Crimson Web Poison Frog (Foil),98.61
Blitzkrieg,98.61
Poorly Drawn Ava (Holo),97.85
Boost (Holo),96.32
Poorly Drawn Leet Crew (Holo),94.02
Gold Nova,94.02
Hello M4A1-S (Gold),93.26
Chief (Foil),92.50
Legendary Eagle (Holo),91.73
Great Wave (Holo),90.97
Pandamonium,90.20
Cat Call,90.20
Poorly Drawn IDF (Holo),89.44
Cluck (Holo),89.44
One Sting (Holo),88.67
The Awper,88.67
Killjoy,87.91
Miami Flick (Holo),85.62
Watermelon Tier6 (Holo),85.62
Knife Club,85.62
Have Fun,85.62
Watermelon Strafe (Holo),84.09
Wanna Fight,84.09
CT in Banana,83.32
Double Dip (Holo),82.56
Distinguished Master Guardian (Holo),82.56
Headless Chicken,82.56
Inferno Diorama (Foil),81.79
No Pats (Holo),81.79
Sphinx (Holo),81.79
"Don't Worry, I'm Pro",81.79
Poorly Drawn Balkan (Holo),81.03
Bonehead (Holo),81.03
Mahjong Zhong,81.03
Doru The Fox,81.03
Baaa-ckstabber!,81.03
Ninja Defuse,81.03
Pros Don't Fake,81.03
Delicious Tears,81.03
Awp Country,81.03
Eco Rush,81.03
Robo,81.03
Just Trolling,81.03
Blood Boiler,81.03
Massive Pear,81.03
Thug Life,81.03
Warowl,81.03
Drug War Veteran,81.03
Dinked,81.03
My Little Friend,81.03
Piece Of Cake,81.03
Queen Of Pain,81.03
Doomed,81.03
Shooting Star Return,81.03
Till Death Do Us Part,81.03
Windy Walking Club,81.03
Shooting Star Return,81.03
Pigeon Master,81.03
Nelu the Bear,81.03
Windy Walking Club,81.03
Blaze Surf K (Foil),80.26
Tyranids Hive Tyrant (Holo),80.26
Chi Bomb,80.26
Ho Ho Ho,80.26
T-Rekt,80.26
My Other Awp,80.26
Miami Buttery (Holo),79.50
Battle Scarred,79.50
Headshot Guarantee,79.50
Hamster Hawk,78.73
Witchcraft,78.73
CS On The Mind,77.21
Kawaii Killer Terrorist,77.21
One Shot One Kill,77.21
Kawaii Killer CT,77.21
Fight like a Girl,77.21
SAS Chicken,76.44
Aces High,76.44
Sneaky Beaky Dept. (Holo),75.68
Master Guardian Elite (Holo),75.68
Flickshot,75.68
Terrorized,75.68
Stay Frosty,75.68
T Rush (Holo),74.91
Space Marine (Holo),74.91
Vortigaunt (Holo),74.91
Let's Roll-oll (Holo),74.91
First Blood,74.15
Work For Ammo,74.15
Lord of Skulls (Holo),73.38
Mahjong Fa,73.38
Witch,73.38
Zombie Lover,71.85
Flashbang,71.09
Scavenger (Holo),70.33
Trick Or Treat,70.33
Trick Or Threat,70.33
War Penguin,70.33
Banana,70.33
Mood Ring Strafe (Holo),68.03
Hello M4A4 (Gold),68.03
Hello SG 553 (Gold),68.03
Free Hugs (Holo),68.03
Retake Expert (Holo),67.27
Mister Chief,66.50
Friendly Fire,66.50
Skulltorgeist,66.50
Seeing Red (Foil),65.74
Abalone Strafe (Holo),65.74
Toxic,64.97
Hostage Rescue,64.97
The Bot,64.21
Kill Count (Holo),63.45
Bomb Code,62.68
Rising Skull,61.15
Don't Worry (Holo),59.62
Lurker,59.62
Phoenix Reborn,59.62
Watermelon Flow (Holo),58.86
Global Elite,58.86
Flame Buttery (Holo),57.33
Nice Clutch (Holo),57.33
Longevity,57.33
Fire Serpent Surf K (Foil),56.57
Llama Cannon,56.57
Death Comes,55.80
Akihabara Accept Surf Ava (Foil),55.04
Hello PP-Bizon (Gold),55.04
CS20 Classic (Holo),55.04
Lambda,55.04
Twin Koi (Holo),54.27
Camper,54.27
Tamara,54.27
Nest Egg (Holo),53.51
The Lurker,52.74
Toy Tiger,50.45
Skull Lil Boney,50.45
Easy Peasy,49.69
Flashblack (Holo),48.92
Hello FAMAS (Gold),48.92
Hippocamp (Holo),48.92
Martha (Holo),48.92
Cyber Romanov (Holo),48.16
The Leader,48.16
Black Dog,48.16
Hello XM1014 (Gold),47.39
Clutchman (Holo),47.39
Adepta Sororitas,47.39
Ocean Sunset Flick (Holo),46.63
Master Guardian (Holo),46.63
Mercury Flick (Holo),45.86
Heresy,45.86
Chabo,45.86
Fearsome,45.10
Hello P90 (Gold),44.33
Hello Galil AR (Gold),43.57
Hello MP7 (Gold),43.57
Combine Helmet (Holo),43.57
Candy Buttery (Holo),42.04
Poorly Drawn Chicken,42.04
Kimberly,42.04
Ivette,41.28
The Baiter,41.28
Guinea Pig (Holo),39.75
Sherry,39.75
Sticker Bomb Surf K (Foil),38.98
Stone Scales (Foil),38.22
Hello MAC-10 (Gold),38.22
Hello AUG (Gold),38.22
Hello MP9 (Gold),38.22
Door Stuck (Foil),37.45
Bonehead,37.45
Handle With Care (Holo),36.69
Hard Cluck Life (Holo),36.69
Support,36.69
Hypnotic Surf K (Foil),35.92
Dead Eye (Holo),35.92
Hello CZ75-Auto (Gold),35.92
Big Clucks,35.92
Pegasus,35.92
Sticker Bomb Surf Ava (Foil),35.16
Miami Skill Surf (Holo),35.16
Cluck,35.16
Bullet Rain,35.16
Bombsquad (Foil),32.87
EZ,32.87
Full Buy,32.87
Watermelon Buttery (Holo),32.10
Jack,32.10
Sneaky Beaky Like,32.10
Dark Water Surf Ava (Foil),31.34
This Is Fine (CT),31.34
Small Arms,31.34
Chief (Holo),30.57
Extermination,30.57
Basilisk,30.57
Coiled Strike (Holo),29.81
Broken Fang (Holo),29.81
Poorly Drawn Terrorist,29.81
Baited,29.81
Fowl Play,29.04
Mahjong Rooster,29.04
Stan,29.04
Bubble Gum Skill Surf (Holo),28.28
Dirty Money,28.28
Viggo,28.28
Perry,28.28
Ocean Sunset Skill Surf (Holo),27.52
This Is Fine (T),27.52
Tyranids Ravener,27.52
Incineration,27.52
Silver,27.52
Devouring Flame,27.52
The 'Nader,27.52
Entry Fragger,26.75
Guardian Dragon,26.75
Shave Master,26.75
Lucky 13,26.75
Non-Veg,25.99
Sphinx,25.99
Manticore,25.99
Dragon,25.99
Move It,25.99
Chicken Lover,25.99
Seek & Destroy,25.99
I Conquered,25.99
Bite Me,24.46
Cerberus,24.46
I See You (Holo),23.69
Web Stuck (Holo),23.69
Poorly Drawn Number K,23.69
Necron,23.69
One Sting,23.69
Countdown,23.69
Liquid Fire,22.93
Poorly Drawn FBI,22.93
Friend Code,22.93
Surf's Up,22.93
Legendary Eagle,22.93
Boom,22.93
Space Marine,22.16
Roosty Boosty,22.16
Nest Egg,22.16
What What,22.16
Fancy Koi,22.16
Blue Swallow,22.16
Luck Skill,22.16
Mastermind (Holo),21.40
Smoke Criminal,21.40
Repulsor,21.40
God of Fortune,21.40
Pixiu,21.40
Joan,21.40
Vigilance,21.40
Enemy Spotted (Holo),20.64
Ork Waaagh!,20.64
Noble,20.64
Retake Expert,20.64
Twin Koi,20.64
Max,20.64
Backstab,20.64
Ancient Beast (Foil),19.87
Wingsuit (Holo),19.87
Get Clucked,19.87
No Pats,19.87
Scavenger,19.87
Green Swallow,19.87
Ready For Battle (Holo),19.11
Coral Skill Surf (Holo),19.11
Nuke Beast,19.11
Flick Shotter,18.34
Legendary,18.34
Free Hugs,18.34
Dessert Eagle,18.34
Nezha,18.34
Boris,18.34
The Bomber,18.34
Merietta,18.34
Eye Contact (Holo),17.58
Big Hugs (Holo),17.58
To B or not to B,17.58
Metal,17.58
PAC AI,16.05
Hello AWP,16.05
Primaris Keychain,16.05
Pocket BBQ,16.05
Burn Them All,16.05
Let's Roll-oll,16.05
PTFO (Holo),15.28
BF 2042,15.28
Hello AK-47,15.28
Zombie Hop,15.28
Huaji,15.28
Forty Two,14.52
Mr. Chompy,14.52
Speedy T,14.52
Poorly Drawn Leet Crew,14.52
Too Old for This,14.52
Master Guardian Elite,14.52
Shaolin,14.52
The Spartan,14.52
The Guru,14.52
The Zombie,14.52
B Hop,13.76
Poorly Drawn SAS,13.76
Spartan,13.76
Obey SAS,13.76
Heads Up,13.76
Double Dip,13.76
Noodles,13.76
Knives Out,12.99
PTFO,12.99
Aeldari Avatar,12.99
Hippocamp,12.99
Poorly Drawn Bloody Darryl,12.23
Pixel Avenger,12.23
Silent Ninja,12.23
The Samurai,12.23
Poorly Drawn IDF,11.46
Supreme Master First Class,11.46
Rice Bomb,11.46
Poorly Drawn Ava,10.70
Terror Rice,10.70
Squeaky Door,8.42
Great Wave,8.42
War,8.42
Fast Banana,8.42
Hello M4A1-S,8.42
Chief,8.42
Hotpot,8.42
"Hi, My Game Is",7.66
Fade Lethal,7.66
No Time,7.66
Poorly Drawn Balkan,7.66
Combine Helmet,7.66
Shattered Web,7.66
Gold Web,7.66
Aztec,7.66
Separate Pixels,7.66
Don't Worry,7.66
Chicken of the Sky,6.90
Distinguished Master Guardian,6.90
Legendary Eagle Master,6.90
Master Guardian,6.90
Martha,6.90
Skull Troop,6.90
Salute!,6.90
Rat Pack,6.13
I'm Lit,6.13
Purple Jaggyfish,6.13
Clutch Or Kick,6.13
Ancient Marauder,6.13
Hello M4A4,6.13
Web Stuck,6.13
Too Late,6.13
Hard Cluck Life,6.13
Bombsquad,6.13
"Run CT, Run",5.37
Little Mischief,5.37
Battlefield Portal,5.37
Black Jaggyfish,5.37
Kill Count,5.37
Hello SG 553,5.37
Gnome Mercy,5.37
Terrorist-Tech,5.37
Counter-Tech,5.37
Ready For Battle,4.60
Seeing Red,4.60
Watermelon Tentaskull,4.60
Pink Jaggyfish,4.60
Blood Moon Tentaskull,4.60
Hello XM1014,4.60
Hello UMP-45,4.60
Hello FAMAS,4.60
Hello AUG,4.60
Greetings,4.60
Mastermind,4.60
Wallbang,3.84
Sunset Ocean Tentaskull,3.84
Fools Gold Wave Rider,3.84
Blood Moon Wave Rider,3.84
Toxic Tentaskull,3.84
Dead Eye,3.84
Green Lethal,3.84
Retro Leet,3.84
Hard Carry,3.84
Dr. Dazzles,3.84
Nademan,3.84
Hello MAC-10,3.84
Enemy Spotted,3.84
Hello MP9,3.84
Stalking Prey,3.84
Hello CZ75-Auto,3.84
Hello Galil AR,3.84
Mondays,3.84
Temperance,3.84
Come Here Boy,3.07
Red Cyclawps,3.07
Yellow Jaggyfish,3.07
After Hours Stabbyfish,3.07
Miami Stabbyfish,3.07
Gutted,3.07
Yellow Lethal,3.07
Green Gnar,3.07
Kitted Out,3.07
Coiled Strike,3.07
Broken Fang,3.07
Hello PP-Bizon,3.07
Hello P90,3.07
Hello MP7,3.07
Last Vance,3.07
Yellow Bombster,2.31
Toxic Wave Rider,2.31
Blue Shark Shooter,2.31
Green Shark Shooter,2.31
Green Bombster,2.31
Black Shark Shooter,2.31
White Bombster,2.31
Yellow Cyclawps,2.31
Purple Cyclawps,2.31
Red Shark Shooter,2.31
Blue Gnar,2.31
Ocean Sunset Stabbyfish,2.31
Miami Wave Rider,2.31
Purple Gnar,2.31
Orange Gnar,2.31
Watermelon Stabbyfish,2.31
Operation Riptide,2.31
Blue Lethal,2.31
Ancient Protector,2.31
Stone Scales,2.31
Badge of Service,2.31
Vortigaunt the Painter,2.31
Big Hugs,2.31
Purple Bombster,1.54
Green Cyclawps,1.54
Ancient Beast,1.54
King on the Field,0
NiKo (Gold),7966.48
ZywOo (Gold),4573.79
s1mple (Gold),2904.96
device (Gold),1782.73
sh1ro (Gold),1566.38
arT (Gold),1509.81
Jame (Gold),1367.62
YEKINDAR (Gold),980.80
Ax1Le (Gold),633.74
HObbit (Gold),551.94
b1t (Gold),534.36
shox (Gold),532.06
cadiaN (Gold),498.43
apEX (Gold),493.84
JACKZ (Gold),489.25
huNter- (Gold),479.31
KSCERATO (Gold),390.64
nafany (Gold),334.07
REZ (Gold),289.73
Kyojin (Gold),282.08
VINI (Gold),278.26
stavn (Gold),278.26
yuurih (Gold),273.67
electroNic (Gold),264.50
misutaaa (Gold),263.74
hampus (Gold),257.62
nexa (Gold),233.92
LNZ (Gold),215.57
AMANEK (Gold),213.28
drop (Gold),199.52
FL1T (Gold),199.52
refrezh (Gold),196.46
interz (Gold),185.76
TeSeS (Gold),184.23
Plopski (Gold),168.18
Qikert (Gold),165.12
sjuush (Gold),162.83
buster (Gold),162.83
Perfecto (Gold),161.30
Boombl4 (Gold),126.90
MOUZ (Gold),1567.15
Natus Vincere (Gold),1489.94
Tyloo (Gold),1362.27
FaZe Clan (Gold),956.34
Astralis (Gold),891.36
G2 Esports (Gold),626.86
FURIA (Gold),559.58
Team Spirit (Gold),547.35
Copenhagen Flames (Gold),521.36
BIG (Gold),515.24
Team Liquid (Gold),459.44
Virtus.Pro (Gold),451.79
paiN Gaming (Gold),418.16
Heroic (Gold),349.36
Entropiq (Gold),347.83
ENCE (Gold),330.24
Vitality (Gold),316.48
Movistar Riders (Gold),304.25
GODSENT (Gold),285.90
Gambit Gaming (Gold),253.03
Ninjas in Pyjamas (Gold),250.74
Sharks Esports (Gold),217.87
Evil Geniuses (Gold),170.47
Renegades (Gold),160.53
PGL (Gold),145.24
TYLOO (Gold),522.89
Natus Vincere (Gold),512.19
G2 (Gold),342.48
FaZe (Gold),290.49
Astralis (Gold),254.56
Liquid (Gold),230.86
Fnatic (Gold),221.69
FURIA (Gold),190.35
Virtus.pro (Gold),168.18
OG (Gold),165.12
BIG (Gold),165.12
GODSENT (Gold),152.89
Spirit (Gold),149.07
Boom (Gold),144.48
North (Gold),134.54
Ninjas in Pyjamas (Gold),132.25
Nemiga (Gold),131.48
Vitality (Gold),126.90
Renegades (Gold),118.49
ESPADA (Gold),105.49
Gen.G (Gold),100.14
Heroic (Gold),99.38
100 Thieves (Gold),98.61
Evil Geniuses (Gold),91.73
s1mple (Gold),9603.97
DickStacy (Gold),8443.51
ropz (Gold),8361.71
kennyS (Gold),7109.52
arT (Gold),6634.02
somebody (Gold),6508.65
ZywOo (Gold),4404.08
NiKo (Gold),4321.52
frozen (Gold),4123.52
kNgV- (Gold),3554.76
huNter- (Gold),3482.13
Summer (Gold),3440.09
device (Gold),3021.93
Twistzz (Gold),2520.44
Brehze (Gold),2503.62
BnTeT (Gold),2402.71
Perfecto (Gold),2401.18
rain (Gold),2369.84
Attacker (Gold),2300.27
olofmeister (Gold),2112.21
KSCERATO (Gold),1971.55
Lucky (Gold),1896.63
Freeman (Gold),1654.30
chrisJ (Gold),1623.72
nexa (Gold),1608.43
kinqie (Gold),1568.68
FalleN (Gold),1556.45
karrigan (Gold),1501.40
CeRq (Gold),1450.19
Jame (Gold),1408.14
woxic (Gold),1404.32
GuardiaN (Gold),1315.64
Sico (Gold),1306.47
Stewie2K (Gold),1297.29
electronic (Gold),1230.78
Ethan (Gold),1224.67
v4lde (Gold),1210.14
Aleksib (Gold),1187.21
chelo (Gold),1152.04
yuurih (Gold),1100.06
Forester (Gold),1079.42
f0rest (Gold),1076.36
EliGE (Gold),1056.49
GeT_RiGhT (Gold),1011.38
Xyp9x (Gold),1002.21
oBo (Gold),987.68
NEO (Gold),981.57
coldzera (Gold),960.16
NAF (Gold),959.40
dupreeh (Gold),947.17
Kjaerbye (Gold),943.34
Ramz1kBO$$ (Gold),937.99
Magisk (Gold),915.06
VINI (Gold),899.01
xsepower (Gold),886.01
DeStiNy (Gold),876.84
JaCkz (Gold),874.54
gla1ve (Gold),856.96
ottoNd (Gold),850.84
tarik (Gold),848.55
shox (Gold),832.50
yel (Gold),811.86
Jerry (Gold),801.15
svyat (Gold),785.87
TACO (Gold),764.46
stanislaw (Gold),761.40
FL1T (Gold),758.34
speed4k (Gold),750.70
neaLaN (Gold),740.00
fer (Gold),723.18
NBK- (Gold),715.53
apEX (Gold),710.18
almazer (Gold),707.89
AmaNEk (Gold),692.60
LETN1 (Gold),691.07
JUGi (Gold),691.07
oskar (Gold),690.31
Liazz (Gold),671.20
facecrack (Gold),648.26
t0rick (Gold),648.26
nitr0 (Gold),645.20
dexter (Gold),641.38
malta (Gold),639.09
REZ (Gold),629.91
EspiranTo (Gold),609.27
LUCAS1 (Gold),574.87
Lekr0 (Gold),565.70
erkaSt (Gold),558.05
ableJ (Gold),551.94
aizy (Gold),539.71
Golden (Gold),537.41
gade (Gold),537.41
Krad (Gold),536.65
jks (Gold),532.06
ISSAA (Gold),527.48
Zeus (Gold),522.12
Keoz (Gold),516.01
xand (Gold),511.42
Boombl4 (Gold),492.31
xseveN (Gold),489.25
flamie (Gold),483.14
allu (Gold),480.08
SANJI (Gold),477.79
buster (Gold),464.03
ALEX (Gold),463.26
qikert (Gold),457.15
loWel (Gold),425.04
SicK (Gold),424.27
AZR (Gold),411.28
Gratisfaction (Gold),408.22
ShahZaM (Gold),401.34
sergej (Gold),399.05
DeadFox (Gold),396.75
RpK (Gold),395.99
dephh (Gold),392.93
Aerial (Gold),392.17
jkaem (Gold),357.00
AdreN (Gold),356.24
ANGE1 (Gold),349.36
Rickeh (Gold),310.37
kennyS (Gold),66027.60
s1mple (Gold),48020.63
DickStacy (Gold),41574.66
ZywOo (Gold),34521.71
NiKo (Gold),12845.30
arT (Gold),12485.24
Dima (Gold),12154.99
device (Gold),10920.38
f0rest (Gold),10791.95
electronic (Gold),10288.93
Lucky (Gold),9570.33
sdy (Gold),8646.86
RUSH (Gold),8607.87
Stewie2K (Gold),8314.32
Aleksib (Gold),8206.53
somebody (Gold),7802.89
XANTARES (Gold),7661.46
Ethan (Gold),7567.43
olofmeister (Gold),7416.07
Twistzz (Gold),7097.29
KSCERATO (Gold),6905.41
FalleN (Gold),6879.42
JW (Gold),6634.02
shox (Gold),6255.61
coldzera (Gold),6244.91
CeRq (Gold),6243.38
JaCkz (Gold),6037.74
GuardiaN (Gold),5926.89
dupreeh (Gold),5760.24
GeT_RiGhT (Gold),5717.43
Xyp9x (Gold),5692.20
gla1ve (Gold),5479.68
autimatic (Gold),5222.82
sterling (Gold),5192.24
Jame (Gold),5187.65
xccurate (Gold),5183.83
Golden (Gold),5008.01
rain (Gold),5004.18
Hobbit (Gold),5004.18
flusha (Gold),4923.91
allu (Gold),4856.64
Kaze (Gold),4626.54
NBK- (Gold),4608.95
jks (Gold),4608.95
ALEX (Gold),4525.63
apEX (Gold),4515.69
zhokiNg (Gold),4404.08
Boombl4 (Gold),4393.38
EliGE (Gold),4371.97
Summer (Gold),4368.91
Lekr0 (Gold),4352.09
TACO (Gold),4305.46
KrizzeN (Gold),4175.50
Brollan (Gold),4081.47
COLDYY1 (Gold),3890.36
dennis (Gold),3869.72
tabseN (Gold),3822.32
fer (Gold),3821.56
yuurih (Gold),3754.28
advent (Gold),3571.58
smooya (Gold),3544.82
tiziaN (Gold),3468.37
jR (Gold),3437.03
RpK (Gold),3361.35
Magisk (Gold),3343.00
kioShiMa (Gold),3335.36
BnTeT (Gold),3276.49
Aerial (Gold),3262.73
WorldEdit (Gold),3182.46
aumaN (Gold),3046.39
crush (Gold),3025.75
ANGE1 (Gold),2966.12
REZ (Gold),2950.07
n0thing (Gold),2895.02
VINI (Gold),2784.94
Freeman (Gold),2761.24
nitr0 (Gold),2752.07
Attacker (Gold),2708.49
gob b (Gold),2699.32
xseveN (Gold),2654.98
tonyblack (Gold),2611.41
hutji (Gold),2576.24
KRIMZ (Gold),2563.25
woxic (Gold),2551.78
DavCost (Gold),2503.62
S0tF1k (Gold),2503.62
ISSAA (Gold),2423.35
chopper (Gold),2411.12
FugLy (Gold),2402.71
AZR (Gold),2388.95
Brehze (Gold),2384.36
jkaem (Gold),2349.96
dexter (Gold),2340.02
twist (Gold),2318.62
Gratisfaction (Gold),2304.86
n0rb3r7 (Gold),2254.40
Zeus (Gold),2248.29
bodyy (Gold),2224.59
flamie (Gold),2220.77
sergej (Gold),2203.18
malta (Gold),2175.66
buster (Gold),2087.75
Liazz (Gold),2074.75
Edward (Gold),2063.29
erkaSt (Gold),1973.84
felps (Gold),1927.21
fitch (Gold),1916.51
NAF (Gold),1859.94
DeadFox (Gold),1828.60
Xizt (Gold),1727.69
AdreN (Gold),1680.29
daps (Gold),1661.18
ableJ (Gold),1609.96
ShahZaM (Gold),1524.34
Kvik (Gold),1515.93
dephh (Gold),1515.16
qikert (Gold),1502.93
Rickeh (Gold),1502.93
wayLander (Gold),1480.00
stanislaw (Gold),1470.83
AdreN (Gold),120038.58
niko (Gold) ,90077.67
s1mple (Gold),70125.90
NAF (Gold),70060.15
kennyS (Gold),64115.67
bondik (Gold),59364.52
device (Gold),40072.49
Dosia (Gold),40033.50
sdy (Gold),38936.49
somebody (Gold),35530.03
XANTARES (Gold),31152.71
ropz (Gold),30054.17
captainMo (Gold),28132.31
pashaBiceps (Gold),28022.99
DD (Gold),27222.59
tonyblack (Gold),23041.73
electronic (Gold),19855.44
gla1ve (Gold),19147.55
tabseN (Gold),19147.55
Stewie2K (Gold),17415.27
olofmeister (Gold),16566.72
olofmeister (Gold),16566.72
smooya (Gold),15877.17
NiKo (Gold),15537.75
FalleN (Gold),15413.14
Magisk (Gold),15006.44
Xyp9x (Gold),14621.15
Nifty (Gold),13926.25
EliGE (Gold),13207.66
Hobbit (Gold),12638.13
REZ (Gold),12424.84
dupreeh (Gold),12021.21
JW (Gold),12012.03
NEO (Gold),10802.65
karrigan (Gold),10660.46
oskar (Gold),10008.37
MSL (Gold),9938.04
BnTeT (Gold),9603.97
coldzera (Gold),9603.97
Rickeh (Gold),9591.74
mou (Gold),9516.82
tarik (Gold),9292.83
TACO (Gold),9240.08
k0nfig (Gold),9216.39
GuardiaN (Gold),9015.33
v4lde (Gold),9014.57
RUSH (Gold),9007.69
Edward (Gold),8791.34
shox (Gold),8591.82
f0rest (Gold),8402.23
cadiaN (Gold),8266.92
flamie (Gold),8208.06
crush (Gold),8175.95
nitr0 (Gold),7915.27
Skadoodle (Gold),7813.59
GeT_RiGhT (Gold),7505.51
fer (Gold),7396.96
JUGi (Gold),7310.57
Boombl4 (Gold),6937.51
draken (Gold),6729.58
Kjaerbye (Gold),6727.29
woxic (Gold),6446.73
chrisJ (Gold),6374.10
Calyx (Gold),6211.27
jks (Gold),6134.06
tiziaN (Gold),6001.81
autimatic (Gold),5852.74
xccurate (Gold),5777.82
byali (Gold),5760.24
Hiko (Gold),5336.73
SmithZz (Gold),5227.41
jkaem (Gold),5178.48
flusha (Gold),5149.43
STYKO (Gold),5037.05
Snax (Gold),5008.01
SicK (Gold),5008.01
dennis (Gold),5004.18
Lekr0 (Gold),4873.46
Zeus (Gold),4863.52
suNny (Gold),4858.17
AZR (Gold),4802.36
yay (Gold),4790.90
paz (Gold),4758.03
nex (Gold),4540.92
Dima (Gold),4477.47
bodyy (Gold),4466.76
Ex6TenZ (Gold),4368.91
cajunb (Gold),4321.52
Golden (Gold),4263.42
aizy (Gold),4197.67
chopper (Gold),4053.19
gob b (Gold),4005.03
vice (Gold),3976.74
DavCost (Gold),3917.88
mir (Gold),3915.58
jR (Gold),3873.54
snatchie (Gold),3836.08
hutji (Gold),3654.14
ANDROID (Gold),3643.44
KRIMZ (Gold),3569.28
ISSAA (Gold),3566.99
MICHU (Gold),3452.32
ShahZaM (Gold),3203.10
S0tF1k (Gold),3174.82
MAJ3R (Gold),3068.56
ngiN (Gold),3002.05
jmqa (Gold),2959.24
Snappi (Gold),2907.26
dephh (Gold),2871.33
ANGE1 (Gold),2819.34
Kvik (Gold),2784.18
gade (Gold),2698.56
waterfaLLZ (Gold),2684.80
USTILO (Gold),2664.92
Xizt (Gold),2611.41
balblna (Gold),2556.37
DeadFox (Gold),2480.68
COLDYY1 (Gold),2435.58
stanislaw (Gold),2317.85
Twistzz (Gold),NoRecentP
NiKo (Gold),132488.66
kennyS (Gold),131906.14
ScreaM (Gold),125914.26
Boombl4 (Gold),123078.86
LUCAS1 (Gold),122714.21
jks (Gold),110280.95
ropz (Gold),80241.30
Lekr0 (Gold),79401.15
EliGE (Gold),76370.05
XANTARES (Gold),69029.66
electronic (Gold),66818.82
olofmeister (Gold),61157.20
NBK- (Gold),57495.41
FalleN (Gold),55222.65
keshandr (Gold),54022.44
Jame (Gold),51042.56
NAF (Gold),50037.29
coldzera (Gold),46579.61
rain (Gold),45867.90
Skadoodle (Gold),42176.29
Stewie2K (Gold),42076.15
GuardiaN (Gold),40947.80
keev (Gold),40033.50
JW (Gold),38634.53
TACO (Gold),38415.13
pashaBiceps (Gold),38207.96
Hobbit (Gold),33613.52
shox (Gold),31573.16
gla1ve (Gold),30373.72
Snax (Gold),28801.98
RUSH (Gold),27610.94
AZR (Gold),27299.04
k0nfig (Gold),26467.30
fer (Gold),26111.06
dimasick (Gold),26022.38
nitr0 (Gold),25374.12
dupreeh (Gold),25021.70
suNny (Gold),24949.84
tabseN (Gold),23992.73
mou (Gold),22826.16
jmqa (Gold),21671.81
stanislaw (Gold),21405.02
NEO (Gold),20788.86
buster (Gold),20267.49
Kjaerbye (Gold),20017.51
Calyx (Gold),19584.06
ShahZaM (Gold),19159.78
B1ad3 (Gold),18431.25
USTILO (Gold),18347.16
Dosia (Gold),17407.63
cajunb (Gold),17152.30
jdm64 (Gold),17058.27
chrisJ (Gold),16532.32
seized (Gold),16283.10
byali (Gold),15462.06
flusha (Gold),15309.94
autimatic (Gold),15289.30
Golden (Gold),15027.08
AmaNEk (Gold),15011.79
paz (Gold),15011.79
devoduvek (Gold),14976.63
SIXER (Gold),14556.17
felps (Gold),14536.30
nex (Gold),14492.72
TaZ (Gold),14040.92
v4lde (Gold),13926.25
gob b (Gold),13926.25
chopper (Gold),13824.58
karrigan (Gold),13363.61
Edward (Gold),13187.02
RpK (Gold),13125.86
flamie (Gold),13055.53
tarik (Gold),12951.56
markeloff (Gold),12787.97
MSL (Gold),12258.96
ngiN (Gold),12231.44
KRIMZ (Gold),12185.57
Kvik (Gold),12096.89
Nifty (Gold),12004.39
KrizzeN (Gold),12004.39
Zeus (Gold),11520.48
hutji (Gold),11520.48
bodyy (Gold),10877.57
apEX (Gold),10813.35
qikert (Gold),10670.40
mir (Gold),10008.37
xms (Gold),10008.37
innocent (Gold),9603.97
STYKO (Gold),9574.15
oskar (Gold),9318.82
Spiidi (Gold),9255.37
LEGIJA (Gold),8704.19
denis (Gold),8630.04
kRYSTAL (Gold),8529.13
SicK (Gold),8402.23
jR (Gold),8402.23
MAJ3R (Gold),8013.88
aizy (Gold),8013.12
WorldEdit (Gold),8006.24
balblna (Gold),7880.10
zehN (Gold),7223.42
wayLander (Gold),6526.23
AdreN (Gold),6421.50
fitch (Gold),5753.36
bondik (Gold),NoRecentP
Xyp9x (Gold),NoRecentP
fnx (Gold),NoRecentP
Happy (Gold),NoRecentP
DD (Gold),NoRecentP
kNgV- (Gold),NoRecentP
HEN1 (Gold),NoRecentP
Twistzz (Gold),NoRecentP
BIT (Gold),NoRecentP
s1mple (Gold),NoRecentP
somebody (Gold),NoRecentP
captainMo (Gold),NoRecentP
waterfaLLZ (Gold),NoRecentP
seang@res (Gold),233458.43
BnTeT (Gold),NoRecentP
device (Gold),76446.50
Stewie2K (Gold),138580.68
shox (Gold),137603.70
device (Gold),133158.33
keshandr (Gold),133158.33
Xyp9x (Gold),133158.33
NiKo (Gold),124251.55
Skadoodle (Gold),121842.72
AdreN (Gold),118517.30
Edward (Gold),116359.98
GuardiaN (Gold),114287.51
apEX (Gold),114287.51
shroud (Gold),99177.86
keev (Gold),96639.84
NBK- (Gold),94695.04
innocent (Gold),87913.47
coldzera (Gold),85650.65
suNny (Gold),78876.73
FalleN (Gold),78033.52
fer (Gold),76370.05
rain (Gold),75344.14
kNgV- (Gold),75064.34
HEN1 (Gold),75064.34
electronic (Gold),74129.40
chrisJ (Gold),72925.37
karrigan (Gold),71790.14
pashaBiceps (Gold),70579.99
JW (Gold),68428.02
kRYSTAL (Gold),65275.37
flusha (Gold),60550.97
olofmeister (Gold),60108.35
steel (Gold),55457.34
LEGIJA (Gold),55222.65
flamie (Gold),55222.65
nex (Gold),55098.81
n0thing (Gold),51425.56
gla1ve (Gold),50042.64
cajunb (Gold),50042.64
bodyy (Gold),47084.16
KRIMZ (Gold),45038.45
chopper (Gold),44545.37
Kjaerbye (Gold),43429.25
tabseN (Gold),43080.66
seized (Gold),42017.28
Hobbit (Gold),41537.20
B1ad3 (Gold),41236.00
autimatic (Gold),41146.56
NEO (Gold),40216.97
Magisk (Gold),40128.29
wayLander (Gold),40033.50
zehN (Gold),39828.62
Snax (Gold),38905.91
mir (Gold),37779.09
LUCAS1 (Gold),35976.48
MSL (Gold),35721.92
dennis (Gold),35220.43
dupreeh (Gold),34114.25
felps (Gold),32427.84
boltz (Gold),32365.15
HS (Gold),32027.26
TaZ (Gold),31393.51
k0nfig (Gold),30460.10
WorldEdit (Gold),30025.12
gob b (Gold),29814.13
Dosia (Gold),29155.16
markeloff (Gold),28161.36
TACO (Gold),27936.60
allu (Gold),27349.49
oskar (Gold),25092.03
Zeus (Gold),24274.05
hutji (Gold),24246.53
byali (Gold),23019.57
mou (Gold),22694.67
aizy (Gold),22022.70
kioShiMa (Gold),20516.71
denis (Gold),18607.07
loWel (Gold),14681.55
s1mple (Gold),NoRecentP
jR (Gold),NoRecentP
kennyS (Gold),NoRecentP
ropz (Gold),NoRecentP
Entropiq (Foil),678.84
MOUZ (Foil),340.18
Astralis (Foil),177.35
Natus Vincere (Foil),114.66
Tyloo (Foil),110.84
FaZe Clan (Foil),99.38
paiN Gaming (Foil),93.26
Copenhagen Flames (Foil),82.56
Virtus.Pro (Foil),79.50
G2 Esports (Foil),79.50
Movistar Riders (Foil),64.21
Team Liquid (Foil),45.10
Heroic (Foil),37.45
ENCE (Foil),35.92
Team Spirit (Foil),35.16
BIG (Foil),24.46
Ninjas in Pyjamas (Foil),24.46
Gambit Gaming (Foil),19.87
FURIA (Foil),19.87
Sharks Esports (Foil),17.58
Vitality (Foil),15.28
GODSENT (Foil),15.28
PGL (Foil),12.99
Evil Geniuses (Foil),12.23
Renegades (Foil),11.46
TYLOO (Foil),57.33
Fnatic (Foil),52.74
G2 (Foil),52.74
Natus Vincere (Foil),52.74
Spirit (Foil),39.75
FaZe (Foil),39.75
Astralis (Foil),35.16
Liquid (Foil),31.34
Virtus.pro (Foil),29.04
North (Foil),21.40
Nemiga (Foil),16.05
OG (Foil),15.28
GODSENT (Foil),13.76
FURIA (Foil),12.23
Boom (Foil),11.46
Ninjas in Pyjamas (Foil),10.70
BIG (Foil),8.42
Renegades (Foil),8.42
Vitality (Foil),7.66
100 Thieves (Foil),6.90
ESPADA (Foil),6.90
Evil Geniuses (Foil),6.90
Gen.G (Foil),6.90
Heroic (Foil),6.13
HellRaisers (Foil),310.37
G2 Esports (Foil),288.20
CR4ZY (Foil),287.43
Natus Vincere (Foil),282.08
compLexity Gaming (Foil),274.44
Syman Gaming (Foil),240.04
Tyloo (Foil),220.93
Astralis (Foil),219.40
Avangar (Foil),202.58
FURIA (Foil),182.70
mousesports (Foil),180.41
FaZe Clan (Foil),162.06
MIBR (Foil),155.18
Team Liquid (Foil),146.77
North (Foil),143.71
Ninjas in Pyjamas (Foil),137.60
forZe eSports (Foil),119.25
INTZ E-SPORTS CLUB (Foil),117.72
Vitality (Foil),116.19
DreamEaters (Foil),101.67
ENCE (Foil),64.21
NRG (Foil),59.62
Grayhound Gaming (Foil),59.62
StarLadder (Foil),54.27
Renegades (Foil),37.45
Cloud9 (Foil),1480.76
ViCi Gaming (Foil),916.59
Team Liquid (Foil),888.30
Team Spirit (Foil),817.21
BIG (Foil),724.71
Astralis (Foil),720.89
Tyloo (Foil),715.53
G2 Esports (Foil),660.49
Natus Vincere (Foil),636.03
compLexity Gaming (Foil),630.68
Fnatic (Foil),623.80
Ninjas in Pyjamas (Foil),611.57
FURIA (Foil),539.71
FaZe Clan (Foil),506.07
HellRaisers (Foil),496.90
IEM (Foil),415.10
Vega Squadron (Foil),392.17
Vitality (Foil),351.65
NRG (Foil),264.50
ENCE (Foil),254.56
MIBR (Foil),253.03
Avangar (Foil),240.04
Winstrike Team (Foil),239.27
Grayhound Gaming (Foil),168.18
Renegades (Foil),85.62
Cloud9 (Foil),1681.82
Astralis (Foil),1342.40
Gambit Esports (Foil),1138.28
Natus Vincere (Foil),1126.82
North (Foil),1064.13
Tyloo (Foil),1064.13
BIG (Foil),1063.37
FaZe Clan (Foil),1031.26
Space Soldiers (Foil),891.36
OpTic Gaming (Foil),889.83
Team Liquid (Foil),853.14
G2 Esports (Foil),827.91
Virtus.Pro (Foil),623.80
Ninjas in Pyjamas (Foil),600.10
FACEIT (Foil),589.40
Rogue (Foil),585.58
compLexity Gaming (Foil),574.87
mousesports (Foil),572.58
HellRaisers (Foil),566.46
MIBR (Foil),554.23
Fnatic (Foil),528.24
Team Spirit (Foil),504.54
Vega Squadron (Foil),409.75
Winstrike Team (Foil),234.69
Renegades (Foil),202.58
LoveYY (Gold),103185.95
Summer (Gold),39295.02
Attacker (Gold),25209.76
Kaze (Gold),17501.66
Karsa (Gold),11028.93
Flash Gaming (Foil),2041.12
100 Thieves (Foil),76557.34
Tyloo (Foil),30011.36
Cloud9 (Foil),6325.94
Team Liquid (Foil),5274.80
Astralis (Foil),4008.85
FaZe Clan (Foil),3531.82
Sprout Esports (Foil),2945.48
North (Foil),2482.98
Natus Vincere (Foil),2446.28
Gambit Esports (Foil),2125.21
SK Gaming (Foil),2109.92
Avangar (Foil),2015.12
Virtus.Pro (Foil),1923.39
Flipsid3 Tactics (Foil),1795.72
mousesports (Foil),1705.52
Fnatic (Foil),1654.30
Space Soldiers (Foil),1603.08
BIG (Foil),1301.11
Team EnVyUs (Foil),1152.04
G2 Esports (Foil),1028.96
Vega Squadron (Foil),600.10
Quantum Bellator Fire (Foil),443.38
Misfits Gaming (Foil),436.50
Renegades (Foil),340.18
ELEAGUE (Foil),215.57
Cloud9 (Foil),8646.86
Natus Vincere (Foil),1902.75
Flipsid3 Tactics (Foil),1741.45
SK Gaming (Foil),1638.24
G2 Esports (Foil),1603.08
Astralis (Foil),1421.90
Immortals (Foil),1366.86
FaZe Clan (Foil),1279.71
mousesports (Foil),1235.37
Fnatic (Foil),1200.21
Virtus.Pro (Foil),1090.12
BIG (Foil),918.88
North (Foil),889.07
Vega Squadron (Foil),867.66
PGL (Foil),651.32
PENTA Sports (Foil),651.32
Gambit (Foil),553.47
s1mple (Foil),45190.58
kennyS (Foil),16805.99
Team Liquid (Foil),13103.69
Fnatic (Foil),12098.42
OpTic Gaming (Foil),10782.77
FaZe Clan (Foil),10772.84
olofmeister (Foil),10357.73
G2 Esports (Foil),10318.74
NiKo (Foil),9867.71
Natus Vincere (Foil),9561.16
device (Foil),8486.32
electronic (Foil),7397.72
Astralis (Foil),6880.18
GuardiaN (Foil),6693.65
EliGE (Foil),6230.38
rain (Foil),5962.06
Virtus.Pro (Foil),5657.04
Flipsid3 Tactics (Foil),5602.76
shox (Foil),5245.75
NAF (Foil),5144.08
AdreN (Foil),5006.48
ScreaM (Foil),4662.47
mousesports (Foil),4440.01
Xyp9x (Foil),4410.19
Happy (Foil),4212.96
North (Foil),4204.55
RUSH (Foil),4124.28
flamie (Foil),3953.81
apEX (Foil),3890.36
JW (Foil),3654.90
k0nfig (Foil),3482.13
Pimp (Foil),3430.91
HellRaisers (Foil),3405.69
tarik (Foil),3340.71
Hobbit (Foil),3326.95
MSL (Foil),3313.95
dupreeh (Foil),3301.72
Team EnVyUs (Foil),3248.97
SK Gaming (Foil),3057.09
GODSENT (Foil),2851.45
nitr0 (Foil),2675.62
flusha (Foil),2593.06
Zero (Foil),2590.00
pashaBiceps (Foil),2462.34
seized (Foil),2453.16
NBK- (Foil),2411.12
Magisk (Foil),2406.53
jdm64 (Foil),2292.63
gla1ve (Foil),2292.63
chrisJ (Foil),2138.97
coldzera (Foil),2064.05
allu (Foil),2028.12
cajunb (Foil),2015.89
Gambit Gaming (Foil),1983.02
Edward (Foil),1911.16
fer (Foil),1911.16
Hiko (Foil),1911.16
fox (Foil),1910.39
NEO (Foil),1903.51
mixwell (Foil),1819.42
RUBINO (Foil),1805.66
KRIMZ (Foil),1764.38
twist (Foil),1742.21
bodyy (Foil),1593.90
Lekr0 (Foil),1529.69
markeloff (Foil),1527.40
FalleN (Foil),1527.40
karrigan (Foil),1527.40
Snax (Foil),1506.76
B1ad3 (Foil),1480.00
SmithZz (Foil),1457.07
SIXER (Foil),1400.49
Kjaerbye (Foil),1392.09
Dosia (Foil),1383.68
WorldEdit (Foil),1357.68
dennis (Foil),1318.70
pronax (Foil),1224.67
kioShiMa (Foil),1213.20
ANGE1 (Foil),1200.21
disco doplan (Foil),1187.97
RpK (Foil),1101.59
STYKO (Foil),1022.08
Zeus (Foil),999.92
wayLander (Foil),999.15
DeadFox (Foil),986.15
znajder (Foil),978.51
aizy (Foil),921.18
Spiidi (Foil),828.68
TACO (Foil),804.21
mou (Foil),793.51
denis (Foil),792.75
stanislaw (Foil),764.46
byali (Foil),750.70
bondik (Foil),732.35
TaZ (Foil),700.24
loWel (Foil),636.03
ELEAGUE (Foil),490.02
rain (Foil),58747.60
s1mple (Foil),19016.06
kennyS (Foil),15562.97
NiKo (Foil),8523.78
ScreaM (Foil),7671.40
device (Foil),7205.08
k0nfig (Foil),6527.76
Team Dignitas (Foil),5004.18
shox (Foil),4595.19
Happy (Foil),4182.38
FalleN (Foil),3648.02
RUSH (Foil),3609.03
Team Liquid (Foil),3336.12
Counter Logic Gaming (Foil),2934.01
tarik (Foil),2634.34
Astralis (Foil),2571.66
olofmeister (Foil),2523.49
EliGE (Foil),2496.74
NAF (Foil),2370.60
Flipsid3 Tactics (Foil),2292.63
gla1ve (Foil),2263.58
WorldEdit (Foil),2041.12
Dosia (Foil),2013.60
DEVIL (Foil),2004.42
coldzera (Foil),2000.60
GuardiaN (Foil),1910.39
dupreeh (Foil),1752.91
Xyp9x (Foil),1749.86
OpTic Gaming (Foil),1740.68
G2 Esports (Foil),1570.97
chrisJ (Foil),1567.15
fnx (Foil),1529.69
Hiko (Foil),1527.40
fox (Foil),1480.00
pashaBiceps (Foil),1462.42
mousesports (Foil),1452.48
SK Gaming (Foil),1436.42
Natus Vincere (Foil),1366.09
markeloff (Foil),1351.57
AdreN (Foil),1318.70
apEX (Foil),1311.82
B1ad3 (Foil),1298.82
Virtus.Pro (Foil),1283.53
Team EnVyUs (Foil),1263.66
Gambit Gaming (Foil),1223.90
Spiidi (Foil),1201.73
Ninjas in Pyjamas (Foil),1200.21
nitr0 (Foil),1184.15
MSL (Foil),1146.69
wayLander (Foil),1132.17
RpK (Foil),1132.17
SmithZz (Foil),1131.40
mixwell (Foil),1131.40
Shara (Foil),1114.58
f0rest (Foil),1063.37
Snax (Foil),1054.96
JW (Foil),1039.67
NBK- (Foil),1020.56
FaZe Clan (Foil),1020.56
NEO (Foil),971.63
Fnatic (Foil),950.99
fer (Foil),949.46
denis (Foil),938.76
aizy (Foil),925.00
jkaem (Foil),921.18
bodyy (Foil),918.88
kioShiMa (Foil),901.30
dennis (Foil),900.53
GeT_RiGhT (Foil),900.53
TACO (Foil),875.31
jdm64 (Foil),871.49
friberg (Foil),859.25
karrigan (Foil),844.73
Zeus (Foil),840.91
nex (Foil),811.86
hazed (Foil),787.39
reltuC (Foil),783.57
mou (Foil),782.81
flamie (Foil),775.93
RUBINO (Foil),771.34
daps (Foil),727.77
hooch (Foil),727.77
flusha (Foil),720.89
koosta (Foil),708.65
pita (Foil),703.30
ESL (Foil),668.14
seized (Foil),636.03
Edward (Foil),633.74
KRIMZ (Foil),627.62
spaze (Foil),609.27
cajunb (Foil),602.39
stanislaw (Foil),599.34
TENZKI (Foil),392.17
byali (Foil),363.88
TaZ (Foil),347.06
Xizt (Foil),305.02
pyth (Foil),281.32
s1mple (Foil),9937.28
shroud (Foil),8179.77
kennyS (Foil),5839.74
NiKo (Foil),4920.86
fnx (Foil),4202.26
ScreaM (Foil),4107.47
Stewie2K (Foil),3625.09
FalleN (Foil),3015.04
Team Liquid (Foil),2711.55
Skadoodle (Foil),2304.86
device (Foil),2292.63
coldzera (Foil),2292.63
Cloud9 (Foil),2208.53
Luminosity Gaming (Foil),2140.50
Counter Logic Gaming (Foil),2081.63
jasonR (Foil),1911.16
EliGE (Foil),1758.26
Snax (Foil),1667.29
Flipsid3 Tactics (Foil),1603.08
n0thing (Foil),1527.40
shox (Foil),1513.64
Hiko (Foil),1467.77
G2 Esports (Foil),1350.04
rain (Foil),1304.94
Natus Vincere (Foil),1223.90
B1ad3 (Foil),1213.20
pashaBiceps (Foil),1186.44
freakazoid (Foil),1149.75
MLG (Foil),1135.23
Splyce (Foil),1131.40
olofmeister (Foil),1116.88
Happy (Foil),1111.53
Team EnVyUs (Foil),1101.59
TACO (Foil),1044.25
Astralis (Foil),1028.20
Fnatic (Foil),970.10
nitr0 (Foil),874.54
dupreeh (Foil),855.43
Xyp9x (Foil),844.73
mousesports (Foil),795.80
markeloff (Foil),753.76
Virtus.Pro (Foil),748.41
Gambit Gaming (Foil),739.23
Ninjas in Pyjamas (Foil),721.65
FaZe Clan (Foil),709.42
JW (Foil),700.24
WorldEdit (Foil),671.20
tarik (Foil),668.90
apEX (Foil),645.20
Dosia (Foil),625.33
chrisJ (Foil),615.39
DAVEY (Foil),615.39
GuardiaN (Foil),609.27
FugLy (Foil),532.83
bondik (Foil),522.12
fer (Foil),520.60
dennis (Foil),518.30
NEO (Foil),477.79
NBK- (Foil),476.26
GeT_RiGhT (Foil),458.67
jdm64 (Foil),457.15
fox (Foil),452.56
DEVIL (Foil),428.86
f0rest (Foil),419.69
Zeus (Foil),417.39
adreN (Foil),412.81
karrigan (Foil),410.51
aizy (Foil),382.23
flusha (Foil),381.46
KRIMZ (Foil),349.36
jkaem (Foil),347.83
denis (Foil),347.06
nex (Foil),347.06
hazed (Foil),335.60
AdreN (Foil) ,330.24
RpK (Foil),328.71
Shara (Foil),326.42
SmithZz (Foil),324.89
reltuC (Foil),322.60
friberg (Foil),310.37
Spiidi (Foil),309.60
Ex6TenZ (Foil),305.02
Maikelele (Foil),300.43
wayLander (Foil),295.08
seized (Foil),292.79
hooch (Foil),287.43
Professor_Chaos (Foil),287.43
flamie (Foil),287.43
Edward (Foil),277.50
pyth (Foil),256.09
TaZ (Foil),222.45
mou (Foil),222.45
byali (Foil),221.69
cajunb (Foil),221.69
abE (Foil),219.40
arya (Foil),214.81
Xizt (Foil),194.17
NiKo (Foil),9574.15
Titan (Foil),6964.27
ScreaM (Foil),6783.86
shroud (Foil),6001.81
kennyS (Foil),4952.96
shox (Foil),4261.12
EliGE (Foil),3464.55
Skadoodle (Foil),2904.96
Pimp (Foil),2570.13
markeloff (Foil),2502.85
olofmeister (Foil),2171.84
SmithZz (Foil),2109.92
freakazoid (Foil),2004.42
Team Dignitas (Foil),1927.21
RpK (Foil),1794.19
device (Foil),1629.07
Ex6TenZ (Foil),1567.15
FalleN (Foil),1518.99
n0thing (Foil),1495.29
B1ad3 (Foil),1436.42
denis (Foil),1356.92
Happy (Foil),1314.11
tarik (Foil),1311.05
DreamHack (Foil),1296.53
Cloud9 (Foil),1261.36
f0rest (Foil),1213.20
coldzera (Foil),1210.91
Team Liquid (Foil),1201.73
pashaBiceps (Foil),1152.04
mousesports (Foil),1152.04
GruBy (Foil),1144.40
GuardiaN (Foil),1128.35
peet (Foil),1080.95
JW (Foil),958.63
chrisJ (Foil),942.58
Luminosity Gaming (Foil),935.70
Flipsid3 Tactics (Foil),921.18
rain (Foil),916.59
apEX (Foil),902.06
Counter Logic Gaming (Foil),846.26
GeT_RiGhT (Foil),840.14
Hiko (Foil),787.39
nitr0 (Foil),783.57
nex (Foil),782.81
Kjaerbye (Foil),766.75
Team EnVyUs (Foil),761.40
MSL (Foil),750.70
hazed (Foil),726.24
Vexed Gaming (Foil),696.42
NEO (Foil),678.08
seang@res (Foil),675.02
KRIMZ (Foil),671.96
dupreeh (Foil),663.55
bondik (Foil),651.32
WorldEdit (Foil),650.55
aizy (Foil),644.44
DavCost (Foil),637.56
flamie (Foil),634.50
FNS (Foil),624.56
tenzki (Foil),620.74
adreN (Foil),606.22
Natus Vincere (Foil),602.39
jdm64 (Foil),600.10
Xyp9x (Foil),575.64
Snax (Foil),573.34
fer (Foil),564.93
rallen (Foil),555.76
NBK- (Foil),542.00
fox (Foil),522.89
flusha (Foil),520.60
Virtus.Pro (Foil),514.48
boltz (Foil),512.19
Zeus (Foil),506.84
reltuC (Foil),501.48
Furlan (Foil),500.72
Hyper (Foil),497.66
G2 Esports (Foil),496.90
Ninjas in Pyjamas (Foil),478.55
gob b (Foil),478.55
Fnatic (Foil),477.79
Maikelele (Foil),444.91
friberg (Foil),436.50
steel (Foil),421.98
Team SoloMid (Foil),411.28
TaZ (Foil),408.98
kioShiMa (Foil),404.40
FugLy (Foil),402.10
allu (Foil),401.34
pronax (Foil),399.81
dennis (Foil),397.52
seized (Foil),395.22
Edward (Foil),389.11
byali (Foil),376.11
karrigan (Foil),361.59
cajunb (Foil),335.60
jkaem (Foil),267.56
Xizt (Foil),220.16
Titan (Foil),5498.03
shroud (Foil),3456.14
kennyS (Foil),2446.28
Skadoodle (Foil),2100.74
shox (Foil),1913.45
olofmeister (Foil),1775.85
ScreaM (Foil),1567.15
FalleN (Foil),1565.62
Cloud9 G2A (Foil),1320.99
device (Foil),1305.70
Luminosity Gaming (Foil),1174.98
Team Immunity (Foil),1146.69
mousesports (Foil),1093.18
JW (Foil),999.15
Flipsid3 Tactics (Foil),973.16
rain (Foil),968.57
coldzera (Foil),917.35
pashaBiceps (Foil),879.13
n0thing (Foil),879.13
Happy (Foil),848.55
Maniac (Foil),836.32
Team Kinguin (Foil),821.03
RpK (Foil),777.46
Counter Logic Gaming (Foil),759.11
f0rest (Foil),727.00
freakazoid (Foil),715.53
SmithZz (Foil),714.77
boltz (Foil),695.66
James (Foil),687.25
Ex6TenZ (Foil),648.26
Natus Vincere (Foil),648.26
chrisJ (Foil),645.97
hazed (Foil),645.20
GeT_RiGhT (Foil),639.85
Xyp9x (Foil),628.39
GuardiaN (Foil),627.62
Virtus.Pro (Foil),609.27
gob b (Foil),600.86
fer (Foil),595.51
tarik (Foil),592.46
Fnatic (Foil),577.93
NEO (Foil),573.34
Team EnVyUs (Foil),560.35
jks (Foil),550.41
SPUNJ (Foil),549.65
Team SoloMid (Foil),548.88
seang@res (Foil),527.48
dupreeh (Foil),516.01
flusha (Foil),506.84
Snax (Foil),483.90
SnypeR (Foil),441.09
Ninjas in Pyjamas (Foil),434.98
B1ad3 (Foil),426.57
friberg (Foil),418.16
NBK- (Foil),405.16
apEX (Foil),388.34
jdm64 (Foil),382.99
Zeus (Foil),378.41
markeloff (Foil),373.05
ESL (Foil),366.17
byali (Foil),365.41
Spiidi (Foil),363.88
karrigan (Foil),362.35
FNS (Foil),357.76
kioShiMa (Foil),345.53
KRIMZ (Foil),342.48
denis (Foil),340.18
fox (Foil),337.89
steel (Foil),335.60
WorldEdit (Foil),325.66
emagine (Foil),321.07
allu (Foil),318.01
Havoc (Foil),314.19
Renegades (Foil),313.43
Team eBettle (Foil),305.02
Edward (Foil),295.08
DavCost (Foil),283.61
USTILO (Foil),278.26
Rickeh (Foil),276.73
Xizt (Foil),273.67
nex (Foil),273.67
bondik (Foil),260.68
flamie (Foil),258.38
Maikelele (Foil),257.62
pronax (Foil),248.45
peet (Foil),247.68
TaZ (Foil),235.45
Hyper (Foil),230.10
reltuC (Foil),229.33
rallen (Foil),226.28
yam (Foil),225.51
seized (Foil),220.16
cajunb (Foil),204.11
Furlan (Foil),199.52
dennis (Foil),195.70
GruBy (Foil),190.35
AZR (Foil),185.76
LGB eSports (Foil),33975.88
Titan (Foil),32106.76
Vox Eminor (Foil),25342.77
Natus Vincere (Foil),16876.32
3DMAX (Foil),14004.23
HellRaisers (Foil),10118.45
Flipsid3 Tactics (Foil),9172.81
Keyd Stars (Foil),7713.45
Cloud9 G2A (Foil),7683.63
Counter Logic Gaming (Foil),7538.38
Fnatic (Foil),7202.78
Virtus.pro (Foil),6439.85
Ninjas in Pyjamas (Foil),6157.00
Team EnVyUs (Foil),4256.54
TSM Kinguin (Foil),3045.62
ESL One (Foil),2654.98
PENTA Sports (Foil),2360.66
Team Dignitas (Foil),8366.30
Cloud9 (Foil),7713.45
DreamHack Winter 2014 (Foil),5732.72
Natus Vincere (Foil),4751.14
Ninjas in Pyjamas (Foil),3305.54
Fnatic (Foil),2775.00
Virtus.Pro (Foil),2675.62
ESL One (Red),3174.05
ESL One (Blue),600.86
ESL Skull (Foil),63446.77
ESL Wolf (Foil),43956.73
NiKo (Holo),279.02
ZywOo (Holo),89.44
arT (Holo),49.69
s1mple (Holo),46.63
device (Holo),43.57
Jame (Holo),38.22
sh1ro (Holo),29.81
huNter- (Holo),22.93
JACKZ (Holo),21.40
YEKINDAR (Holo),18.34
VINI (Holo),15.28
yuurih (Holo),14.52
AMANEK (Holo),14.52
KSCERATO (Holo),14.52
nexa (Holo),14.52
shox (Holo),13.76
LNZ (Holo),13.76
REZ (Holo),12.99
apEX (Holo),12.23
hampus (Holo),12.23
Ax1Le (Holo),12.23
drop (Holo),12.23
HObbit (Holo),11.46
nafany (Holo),10.70
cadiaN (Holo),7.66
interz (Holo),6.90
b1t (Holo),6.90
Kyojin (Holo),6.13
TeSeS (Holo),6.13
FL1T (Holo),6.13
buster (Holo),6.13
misutaaa (Holo),6.13
electroNic (Holo),5.37
sjuush (Holo),5.37
refrezh (Holo),5.37
stavn (Holo),5.37
Qikert (Holo),5.37
Plopski (Holo),5.37
Perfecto (Holo),3.84
Boombl4 (Holo),3.84
MOUZ (Holo),246.15
Copenhagen Flames (Holo),170.47
Entropiq (Holo),142.19
Natus Vincere (Holo),123.07
Astralis (Holo),120.78
Movistar Riders (Holo),107.02
FURIA (Holo),94.02
Tyloo (Holo),74.91
FaZe Clan (Holo),65.74
paiN Gaming (Holo),64.97
Virtus.Pro (Holo),63.45
G2 Esports (Holo),58.86
Team Spirit (Holo),52.74
BIG (Holo),52.74
Vitality (Holo),38.98
Team Liquid (Holo),37.45
GODSENT (Holo),28.28
ENCE (Holo),27.52
Heroic (Holo),25.99
Gambit Gaming (Holo),22.93
Sharks Esports (Holo),16.05
Evil Geniuses (Holo),15.28
Renegades (Holo),15.28
Ninjas in Pyjamas (Holo),15.28
PGL (Holo),6.13
Liquid (Holo),13.76
Natus Vincere (Holo),12.99
TYLOO (Holo),12.99
Fnatic (Holo),11.46
Astralis (Holo),8.42
FaZe (Holo),7.66
G2 (Holo),7.66
North (Holo),6.13
Spirit (Holo),5.37
Virtus.pro (Holo),4.60
OG (Holo),3.84
Boom (Holo),3.84
Nemiga (Holo),3.84
GODSENT (Holo),3.84
FURIA (Holo),3.07
Renegades (Holo),2.31
Ninjas in Pyjamas (Holo),2.31
Heroic (Holo),2.31
BIG (Holo),2.31
ESPADA (Holo),1.54
100 Thieves (Holo),1.54
Gen.G (Holo),1.54
Evil Geniuses (Holo),1.54
Vitality (Holo),1.54
DickStacy (Foil),819.50
kennyS (Foil),377.64
s1mple (Foil),267.56
arT (Foil),219.40
Twistzz (Foil),197.99
kNgV- (Foil),180.41
ropz (Foil),178.12
NiKo (Foil),166.65
somebody (Foil),123.07
ZywOo (Foil),109.31
Lucky (Foil),97.08
FalleN (Foil),89.44
Natus Vincere (Holo),73.38
frozen (Foil),63.45
device (Foil),63.45
huNter- (Foil),61.15
HellRaisers (Holo),61.15
Summer (Foil),55.04
compLexity Gaming (Holo),54.27
olofmeister (Foil),52.74
MIBR (Holo),48.92
G2 Esports (Holo),48.16
Perfecto (Foil),43.57
BnTeT (Foil),43.57
Stewie2K (Foil),42.04
rain (Foil),42.04
Aleksib (Foil),41.28
Attacker (Foil),40.51
ableJ (Foil),39.75
mousesports (Holo),38.22
Avangar (Holo),38.22
LUCAS1 (Foil),38.22
neaLaN (Foil),38.22
Tyloo (Holo),38.22
Astralis (Holo),37.45
EliGE (Foil),37.45
FaZe Clan (Holo),36.69
nexa (Foil),35.92
VINI (Foil),35.16
yuurih (Foil),35.16
CR4ZY (Holo),32.87
electronic (Foil),32.10
Jame (Foil),31.34
coldzera (Foil),31.34
fer (Foil),30.57
ottoNd (Foil),29.81
FURIA (Holo),29.81
karrigan (Foil),29.81
Ninjas in Pyjamas (Holo),29.81
GeT_RiGhT (Foil),28.28
kinqie (Foil),27.52
shox (Foil),26.75
f0rest (Foil),26.75
CeRq (Foil),25.99
Forester (Foil),25.99
Brehze (Foil),24.46
Sico (Foil),24.46
Xyp9x (Foil),23.69
chrisJ (Foil),23.69
Team Liquid (Holo),23.69
KSCERATO (Foil),23.69
Freeman (Foil),22.16
nitr0 (Foil),22.16
woxic (Foil),21.40
malta (Foil),21.40
Liazz (Foil),21.40
Ramz1kBO$$ (Foil),20.64
Vitality (Holo),20.64
chelo (Foil),19.87
DeStiNy (Foil),19.87
Jerry (Foil),19.87
GuardiaN (Foil),19.87
oBo (Foil),19.87
dupreeh (Foil),19.87
dexter (Foil),19.11
StarLadder (Holo),19.11
TACO (Foil),19.11
AmaNEk (Foil),18.34
erkaSt (Foil),18.34
North (Holo),18.34
ENCE (Holo),18.34
JaCkz (Foil),18.34
Syman Gaming (Holo),18.34
almazer (Foil),17.58
t0rick (Foil),17.58
EspiranTo (Foil),17.58
INTZ E-SPORTS CLUB (Holo),17.58
DreamEaters (Holo),17.58
loWel (Foil),17.58
facecrack (Foil),16.05
gade (Foil),16.05
forZe eSports (Holo),16.05
NEO (Foil),16.05
v4lde (Foil),15.28
Grayhound Gaming (Holo),15.28
speed4k (Foil),15.28
tarik (Foil),15.28
Renegades (Holo),15.28
LETN1 (Foil),14.52
NRG (Holo),14.52
gla1ve (Foil),14.52
Zeus (Foil),13.76
aizy (Foil),13.76
NAF (Foil),13.76
Krad (Foil),13.76
apEX (Foil),13.76
yel (Foil),12.99
Kjaerbye (Foil),12.99
Boombl4 (Foil),12.99
ALEX (Foil),12.99
stanislaw (Foil),12.23
FL1T (Foil),12.23
ShahZaM (Foil),12.23
Magisk (Foil),12.23
JUGi (Foil),12.23
xsepower (Foil),12.23
buster (Foil),12.23
NBK- (Foil),12.23
flamie (Foil),12.23
Ethan (Foil),12.23
SANJI (Foil),12.23
xand (Foil),12.23
Golden (Foil),11.46
DeadFox (Foil),11.46
sergej (Foil),11.46
ISSAA (Foil),11.46
REZ (Foil),10.70
Lekr0 (Foil),10.70
SicK (Foil),10.70
allu (Foil),8.42
svyat (Foil),8.42
Keoz (Foil),8.42
jks (Foil),8.42
oskar (Foil),7.66
xseveN (Foil),7.66
Rickeh (Foil),6.90
AdreN (Foil),6.90
RpK (Foil),6.90
jkaem (Foil),6.90
AZR (Foil),6.90
dephh (Foil),6.90
qikert (Foil),6.90
Aerial (Foil),6.90
ANGE1 (Foil),6.90
Gratisfaction (Foil),6.90
FURIA (Holo),1771.26
DickStacy (Foil),1498.35
kennyS (Foil),1463.18
ZywOo (Foil),769.81
Cloud9 (Holo),722.41
s1mple (Foil),689.54
ViCi Gaming (Holo),575.64
Tyloo (Holo),564.17
Team Spirit (Holo),537.41
Aleksib (Foil),465.55
Team Liquid (Holo),408.98
arT (Foil),405.16
NiKo (Foil),357.76
Boombl4 (Foil),347.83
device (Foil),334.07
Natus Vincere (Holo),331.77
RUSH (Foil),330.24
Twistzz (Foil),327.19
EliGE (Foil),310.37
electronic (Foil),310.37
WorldEdit (Foil),295.84
Lucky (Foil),260.68
somebody (Foil),252.27
BIG (Holo),251.50
sdy (Foil),246.92
flusha (Foil),240.04
Dima (Foil),239.27
rain (Foil),239.27
XANTARES (Foil),238.51
chopper (Foil),230.10
Ninjas in Pyjamas (Holo),224.75
Stewie2K (Foil),214.81
Golden (Foil),213.28
Fnatic (Holo),212.52
ALEX (Foil),210.99
kioShiMa (Foil),206.40
Kvik (Foil),200.28
DavCost (Foil),199.52
autimatic (Foil),199.52
apEX (Foil),199.52
G2 Esports (Holo),191.11
crush (Foil),191.11
COLDYY1 (Foil),178.12
HellRaisers (Holo),168.18
Vega Squadron (Holo),164.35
FaZe Clan (Holo),163.59
Astralis (Holo),162.06
jR (Foil),160.53
S0tF1k (Foil),160.53
FalleN (Foil),155.18
JaCkz (Foil),155.18
shox (Foil),149.07
Jame (Foil),142.19
CeRq (Foil),134.54
Grayhound Gaming (Holo),133.78
olofmeister (Foil),131.48
advent (Foil),131.48
n0rb3r7 (Foil),129.19
IEM (Holo),127.66
wayLander (Foil),120.78
compLexity Gaming (Holo),119.25
f0rest (Foil),117.72
tonyblack (Foil),114.66
Hobbit (Foil),107.78
Summer (Foil),107.02
aumaN (Foil),107.02
Brollan (Foil),106.26
Liazz (Foil),102.43
Kaze (Foil),100.90
Freeman (Foil),100.14
smooya (Foil),96.32
FugLy (Foil),94.02
xseveN (Foil),93.26
Vitality (Holo),91.73
GeT_RiGhT (Foil),90.97
NBK- (Foil),90.97
GuardiaN (Foil),89.44
nitr0 (Foil),89.44
daps (Foil),88.67
Brehze (Foil),88.67
erkaSt (Foil),87.91
zhokiNg (Foil),87.91
MIBR (Holo),85.62
Xyp9x (Foil),85.62
tabseN (Foil),81.79
Ethan (Foil),81.03
coldzera (Foil),80.26
jks (Foil),80.26
Avangar (Holo),79.50
dupreeh (Foil),79.50
ENCE (Holo),77.21
hutji (Foil),76.44
Aerial (Foil),75.68
KSCERATO (Foil),75.68
allu (Foil),74.91
gla1ve (Foil),73.38
RpK (Foil),72.62
TACO (Foil),71.09
sergej (Foil),70.33
fer (Foil),68.03
buster (Foil),68.03
Attacker (Foil),65.74
n0thing (Foil),64.21
ANGE1 (Foil),64.21
JW (Foil),63.45
AZR (Foil),62.68
Magisk (Foil),62.68
NAF (Foil),61.92
jkaem (Foil),61.15
dennis (Foil),58.86
NRG (Holo),58.86
woxic (Foil),58.86
dexter (Foil),58.09
bodyy (Foil),57.33
Edward (Foil),57.33
sterling (Foil),57.33
Winstrike Team (Holo),55.80
Gratisfaction (Foil),55.80
Xizt (Foil),54.27
xccurate (Foil),54.27
flamie (Foil),54.27
BnTeT (Foil),54.27
felps (Foil),52.74
twist (Foil),50.45
malta (Foil),50.45
tiziaN (Foil),48.92
yuurih (Foil),48.92
Rickeh (Foil),48.92
Lekr0 (Foil),48.16
ISSAA (Foil),47.39
Renegades (Holo),47.39
Zeus (Foil),47.39
Zeus (Foil),47.39
VINI (Foil),46.63
KRIMZ (Foil),45.10
KrizzeN (Foil),43.57
AdreN (Foil),43.57
REZ (Foil),41.28
ShahZaM (Foil),40.51
fitch (Foil),40.51
gob b (Foil),39.75
qikert (Foil),38.22
dephh (Foil),38.22
ableJ (Foil),35.16
stanislaw (Foil),32.87
North (Holo),1643.59
Twistzz (Foil),1612.25
pashaBiceps (Foil),1338.57
niko (Foil) ,1139.81
kennyS (Foil),1039.67
Cloud9 (Holo),869.96
NAF (Foil),760.64
s1mple (Foil),749.94
device (Foil),692.60
bondik (Foil),646.73
mousesports (Holo),616.15
Astralis (Holo),577.93
somebody (Foil),575.64
captainMo (Foil),571.81
MSL (Foil),539.71
Natus Vincere (Holo),534.36
XANTARES (Foil),531.30
BIG (Holo),472.43
AdreN (Foil),469.38
crush (Foil),462.50
ropz (Foil),460.97
HellRaisers (Holo),446.44
FalleN (Foil),441.86
EliGE (Foil),424.27
sdy (Foil),414.34
Tyloo (Holo),383.76
FaZe Clan (Holo),365.41
Stewie2K (Foil),360.06
NiKo (Foil),357.76
DD (Foil),347.83
Team Liquid (Holo),347.83
OpTic Gaming (Holo),347.83
Xyp9x (Foil),343.24
G2 Esports (Holo),337.89
Virtus.Pro (Holo),336.36
smooya (Foil),331.77
Gambit Esports (Holo),330.24
SicK (Foil),303.49
MIBR (Holo),301.96
Rogue (Holo),299.67
Team Spirit (Holo),289.73
Edward (Foil),289.73
tabseN (Foil),275.20
Skadoodle (Foil),257.62
RUSH (Foil),253.03
Hobbit (Foil),246.15
tarik (Foil),241.57
balblna (Foil),230.10
cadiaN (Foil),229.33
dupreeh (Foil),229.33
Fnatic (Holo),223.98
Ninjas in Pyjamas (Holo),220.93
Vega Squadron (Holo),214.05
f0rest (Foil),211.75
Space Soldiers (Holo),206.40
olofmeister (Foil),194.17
S0tF1k (Foil),188.05
Dosia (Foil),185.76
compLexity Gaming (Holo),182.70
electronic (Foil),180.41
rain (Foil),179.64
jR (Foil),178.12
TACO (Foil),175.82
GeT_RiGhT (Foil),168.18
tonyblack (Foil),165.12
autimatic (Foil),165.12
Magisk (Foil),163.59
gla1ve (Foil),162.83
nex (Foil),160.53
BnTeT (Foil),159.00
FACEIT (Holo),159.00
shox (Foil),153.65
draken (Foil),152.12
gob b (Foil),143.71
Dima (Foil),132.25
Snax (Foil),129.95
nitr0 (Foil),129.19
Renegades (Holo),128.43
Winstrike Team (Holo),126.90
JW (Foil),126.13
fer (Foil),124.60
tiziaN (Foil),120.78
GuardiaN (Foil),116.19
Boombl4 (Foil),115.43
coldzera (Foil),115.43
MICHU (Foil),115.43
Hiko (Foil),110.08
Golden (Foil),107.02
mou (Foil),100.90
hutji (Foil),96.32
k0nfig (Foil),93.26
oskar (Foil),90.97
dennis (Foil),90.20
v4lde (Foil),88.67
DavCost (Foil),88.67
karrigan (Foil),84.09
NEO (Foil),84.09
REZ (Foil),81.79
paz (Foil),81.03
xccurate (Foil),79.50
SmithZz (Foil),77.21
STYKO (Foil),76.44
Ex6TenZ (Foil),75.68
chopper (Foil),74.91
DeadFox (Foil),74.91
vice (Foil),74.15
mir (Foil),72.62
MAJ3R (Foil),71.85
gade (Foil),70.33
flamie (Foil),68.03
Kjaerbye (Foil),68.03
Rickeh (Foil),68.03
ShahZaM (Foil),68.03
byali (Foil),67.27
chrisJ (Foil),65.74
yay (Foil),65.74
aizy (Foil),64.21
woxic (Foil),61.92
jks (Foil),61.15
snatchie (Foil),61.15
Nifty (Foil),59.62
bodyy (Foil),57.33
suNny (Foil),57.33
Kvik (Foil),55.04
stanislaw (Foil),50.45
COLDYY1 (Foil),49.69
ISSAA (Foil),48.92
KRIMZ (Foil),48.92
Snappi (Foil),48.16
JUGi (Foil),48.16
Lekr0 (Foil),47.39
Zeus (Foil),47.39
Calyx (Foil),45.10
waterfaLLZ (Foil),44.33
flusha (Foil),44.33
jmqa (Foil),42.04
Xizt (Foil),41.28
ANDROID (Foil),39.75
ngiN (Foil),38.98
cajunb (Foil),38.22
dephh (Foil),38.22
USTILO (Foil),37.45
AZR (Foil),35.92
ANGE1 (Foil),35.92
jkaem (Foil),32.87
Flash Gaming (Holo),1708.57
LoveYY (Foil),1434.90
Summer (Foil),1259.83
Kaze (Foil),366.17
Karsa (Foil),330.24
Attacker (Foil),275.97
100 Thieves (Holo),9574.15
Tyloo (Holo),8835.68
captainMo (Foil),8493.97
seang@res (Foil),5986.52
Twistzz (Foil),4815.36
somebody (Foil),4586.79
fnx (Foil),4395.67
DD (Foil),3807.80
Cloud9 (Holo),3706.12
ScreaM (Foil),3637.32
BnTeT (Foil),3135.07
s1mple (Foil),2966.88
kennyS (Foil),2828.52
Happy (Foil),2291.86
Lekr0 (Foil),1740.68
FaZe Clan (Holo),1738.39
Team Liquid (Holo),1603.84
Stewie2K (Foil),1600.78
LUCAS1 (Foil),1527.40
Avangar (Holo),1523.57
HEN1 (Foil),1439.48
EliGE (Foil),1406.61
NiKo (Foil),1379.85
XANTARES (Foil),1318.70
kNgV- (Foil),1302.64
device (Foil),1261.36
Astralis (Holo),1223.14
MSL (Foil),1042.73
Flipsid3 Tactics (Holo),967.04
Gambit Esports (Holo),951.75
ropz (Foil),950.99
FalleN (Foil),931.88
Skadoodle (Foil),915.82
BIT (Foil),901.30
North (Holo),881.42
Jame (Foil),862.31
Sprout Esports (Holo),841.67
Natus Vincere (Holo),818.74
dimasick (Foil),791.22
waterfaLLZ (Foil),780.51
bondik (Foil),773.63
keshandr (Foil),761.40
Team EnVyUs (Holo),749.17
Fnatic (Holo),740.00
olofmeister (Foil),726.24
NAF (Foil),718.59
k0nfig (Foil),700.24
SK Gaming (Holo),700.24
Virtus.Pro (Holo),696.42
tarik (Foil),674.25
RUSH (Foil),660.49
rain (Foil),638.32
mousesports (Holo),633.74
electronic (Foil),606.98
nitr0 (Foil),598.57
Boombl4 (Foil),540.47
GuardiaN (Foil),527.48
Nifty (Foil),527.48
Xyp9x (Foil),511.42
dupreeh (Foil),503.78
autimatic (Foil),500.72
coldzera (Foil),486.96
flusha (Foil),483.90
shox (Foil),435.74
SIXER (Foil),431.92
AmaNEk (Foil),424.27
tabseN (Foil),412.81
G2 Esports (Holo),399.05
pashaBiceps (Foil),391.40
gla1ve (Foil),391.40
seized (Foil),390.64
innocent (Foil),389.87
karrigan (Foil),369.23
kRYSTAL (Foil),366.17
BIG (Holo),366.17
jdm64 (Foil),348.59
Space Soldiers (Holo),347.83
Hobbit (Foil),343.24
xms (Foil),343.24
RpK (Foil),342.48
devoduvek (Foil),318.78
Vega Squadron (Holo),310.37
Spiidi (Foil),305.78
markeloff (Foil),305.78
JW (Foil),300.43
WorldEdit (Foil),294.31
B1ad3 (Foil),293.55
v4lde (Foil),292.79
fer (Foil),288.20
zehN (Foil),286.67
Quantum Bellator Fire (Holo),286.67
jks (Foil),275.97
jR (Foil),275.20
stanislaw (Foil),273.67
jmqa (Foil),272.91
denis (Foil),264.50
Snax (Foil),258.38
keev (Foil),250.74
SicK (Foil),243.09
chopper (Foil),228.57
mir (Foil),220.16
Kvik (Foil),219.40
ShahZaM (Foil),210.99
apEX (Foil),208.69
STYKO (Foil),204.87
wayLander (Foil),203.34
NBK- (Foil),202.58
Golden (Foil),199.52
hutji (Foil),195.70
cajunb (Foil),195.70
buster (Foil),191.11
Misfits Gaming (Holo),191.11
Dosia (Foil),190.35
TACO (Foil),190.35
nex (Foil),173.53
oskar (Foil),173.53
suNny (Foil),171.24
NEO (Foil),169.71
aizy (Foil),168.18
Zeus (Foil),165.12
AZR (Foil),164.35
Calyx (Foil),159.77
Renegades (Holo),159.00
balblna (Foil),155.95
USTILO (Foil),155.18
qikert (Foil),154.42
chrisJ (Foil),153.65
mou (Foil),151.36
Kjaerbye (Foil),142.19
fitch (Foil),142.19
KrizzeN (Foil),142.19
paz (Foil),140.66
MAJ3R (Foil),138.36
felps (Foil),135.31
Edward (Foil),123.07
flamie (Foil),120.02
KRIMZ (Foil),116.19
bodyy (Foil),114.66
gob b (Foil),108.55
ngiN (Foil),103.20
AdreN (Foil),99.38
byali (Foil),96.32
LEGIJA (Foil),89.44
ELEAGUE (Holo),88.67
TaZ (Foil),79.50
ropz (Foil),8791.34
kennyS (Foil),7723.38
s1mple (Foil),5160.90
keshandr (Foil),3822.32
shroud (Foil),2401.18
electronic (Foil),2132.85
NiKo (Foil),2025.83
Stewie2K (Foil),1999.84
k0nfig (Foil),1934.09
Cloud9 (Holo),1773.55
n0thing (Foil),1746.80
keev (Foil),1741.45
Skadoodle (Foil),1740.68
suNny (Foil),1700.93
autimatic (Foil),1500.64
olofmeister (Foil),1439.48
mir (Foil),1286.59
FalleN (Foil),1252.19
apEX (Foil),1246.07
MSL (Foil),1228.49
JW (Foil),1207.09
device (Foil),1198.68
shox (Foil),1197.15
chopper (Foil),1152.04
Magisk (Foil),1151.28
pashaBiceps (Foil),1087.06
HS (Foil),1080.95
jR (Foil),1030.49
cajunb (Foil),993.04
coldzera (Foil),964.75
hutji (Foil),950.99
kRYSTAL (Foil),914.30
FaZe Clan (Holo),909.71
GuardiaN (Foil),903.59
North (Holo),902.06
B1ad3 (Foil),901.30
Natus Vincere (Holo),873.78
aizy (Foil),840.91
bodyy (Foil),840.91
denis (Foil),840.14
wayLander (Foil),821.03
rain (Foil),817.21
fer (Foil),815.68
NEO (Foil),811.86
tabseN (Foil),810.33
NBK- (Foil),783.57
AdreN (Foil),773.63
boltz (Foil),767.52
innocent (Foil),765.99
HEN1 (Foil),758.34
Flipsid3 Tactics (Holo),750.70
TACO (Foil),740.00
markeloff (Foil),733.88
WorldEdit (Foil),699.48
LEGIJA (Foil),699.48
Hobbit (Foil),699.48
LUCAS1 (Foil),687.25
oskar (Foil),683.43
loWel (Foil),655.14
flusha (Foil),653.61
Immortals (Holo),651.32
dupreeh (Foil),648.26
Snax (Foil),645.20
felps (Foil),630.68
nex (Foil),630.68
kNgV- (Foil),626.86
zehN (Foil),624.56
KRIMZ (Foil),590.16
TaZ (Foil),580.99
steel (Foil),580.22
dennis (Foil),580.22
gla1ve (Foil),575.64
gob b (Foil),574.87
byali (Foil),522.12
chrisJ (Foil),516.01
G2 Esports (Holo),499.19
SK Gaming (Holo),480.84
Dosia (Foil),457.15
Edward (Foil),457.15
flamie (Foil),439.56
seized (Foil),434.21
mousesports (Holo),416.63
Xyp9x (Foil),395.22
Astralis (Holo),382.23
Virtus.Pro (Holo),380.70
karrigan (Foil),375.35
Vega Squadron (Holo),373.05
Gambit (Holo),340.18
mou (Foil),331.77
allu (Foil),309.60
Fnatic (Holo),305.78
kioShiMa (Foil),305.02
Zeus (Foil),300.43
Kjaerbye (Foil),255.33
BIG (Holo),230.86
PENTA Sports (Holo),207.93
PGL (Holo),145.24
G2 Esports (Holo),7033.07
SK Gaming (Holo),4589.84
OpTic Gaming (Holo),3948.46
Fnatic (Holo),3454.61
Natus Vincere (Holo),3200.05
Team Liquid (Holo),3057.09
HellRaisers (Holo),3055.56
Flipsid3 Tactics (Holo),2717.67
Astralis (Holo),2499.80
FaZe Clan (Holo),2487.56
Virtus.Pro (Holo),2292.63
Team EnVyUs (Holo),2176.43
mousesports (Holo),1914.22
North (Holo),1702.46
GODSENT (Holo),1305.70
Gambit Gaming (Holo),973.92
ELEAGUE (Holo),312.66
Team Dignitas (Holo),2928.66
Team Liquid (Holo),1609.96
SK Gaming (Holo),1437.19
Counter Logic Gaming (Holo),1392.85
Astralis (Holo),1191.80
Flipsid3 Tactics (Holo),1002.21
OpTic Gaming (Holo),909.71
G2 Esports (Holo),850.08
Natus Vincere (Holo),778.22
mousesports (Holo),758.34
FaZe Clan (Holo),742.29
Team EnVyUs (Holo),717.06
Virtus.Pro (Holo),528.24
Fnatic (Holo),512.19
Gambit Gaming (Holo),490.02
Ninjas in Pyjamas (Holo),392.17
ESL (Holo),250.74
Luminosity Gaming (Holo),1543.45
Team Liquid (Holo),1499.11
Cloud9 (Holo),1331.69
Counter Logic Gaming (Holo),1048.08
mousesports (Holo),964.75
Natus Vincere (Holo),852.37
FaZe Clan (Holo),743.82
Flipsid3 Tactics (Holo),706.36
G2 Esports (Holo),687.25
Astralis (Holo),668.14
MLG (Holo),538.18
Splyce (Holo),521.36
Team EnVyUs (Holo),478.55
Fnatic (Holo),458.67
Virtus.Pro (Holo),457.15
Ninjas in Pyjamas (Holo),446.44
Gambit Gaming (Holo),256.86
Vox Eminor (Holo),133158.33
Titan (Holo),65208.86
Natus Vincere (Holo),48739.23
Flipsid3 Tactics (Holo),36633.16
LGB eSports (Holo),29240.02
Cloud9 G2A (Holo),25492.61
Virtus.pro (Holo),23261.90
Keyd Stars (Holo),20829.37
Counter Logic Gaming (Holo),15069.13
3DMAX (Holo),13055.53
Fnatic (Holo),11986.81
HellRaisers (Holo),11839.26
Ninjas in Pyjamas (Holo),8146.90
Team EnVyUs (Holo),6526.23
TSM Kinguin (Holo),5509.49
PENTA Sports (Holo),3900.30
Cloud9 (Holo),14871.90
Team Dignitas (Holo),11236.10
Natus Vincere (Holo),10151.33
Fnatic (Holo),8440.45
Virtus.Pro (Holo),6730.34
Ninjas in Pyjamas (Holo),3988.97
Team Dignitas (Holo),41984.41
iBUYPOWER (Holo),12624.37
Titan (Holo),9406.74
London Conspiracy (Holo),7640.82
Vox Eminor (Holo),7621.71
dAT team (Holo),7519.27
Team LDLC.com (Holo),6876.36
Natus Vincere (Holo),4093.71
Cloud9 (Holo),3380.46
Copenhagen Wolves (Holo),2637.40
Epsilon eSports (Holo),2602.23
MTS GameGod Wolf (Holo),1992.96
HellRaisers (Holo),1859.94
Virtus.Pro (Holo),1566.38
Fnatic (Holo),1421.14
Ninjas in Pyjamas (Holo),1408.90
Fnatic (Holo),133766.08
Team LDLC.com (Holo),NoRecentP
Clan-Mystik (Holo),NoRecentP
iBUYPOWER (Holo),NoRecentP
LGB eSports (Holo),NoRecentP
Ninjas in Pyjamas (Holo),141349.57
Reason Gaming (Holo),NoRecentP
Vox Eminor (Holo),NoRecentP
Natus Vincere (Holo),NoRecentP
HellRaisers (Holo),NoRecentP
mousesports (Holo),374587.85
Team Dignitas (Holo),NoRecentP
Titan (Holo),NoRecentP
Virtus.Pro (Holo),NoRecentP
3DMAX (Holo),344009.25
compLexity Gaming (Holo),252197.00
NiKo,11.46
s1mple,3.84
ZywOo,3.84
arT,3.07
device,1.54
sh1ro,1.54
Jame,1.54
nafany,0.78
TeSeS,0.78
REZ,0.78
VINI,0.78
refrezh,0.78
yuurih,0.78
JACKZ,0.78
b1t,0.78
nexa,0.78
electroNic,0.78
drop,0.78
AMANEK,0.78
Ax1Le,0.78
shox,0.78
KSCERATO,0.78
Boombl4,0.78
stavn,0.78
Qikert,0.78
misutaaa,0.78
buster,0.78
interz,0.78
Perfecto,0.78
LNZ,0.78
sjuush,0.78
HObbit,0.78
hampus,0.78
cadiaN,0.78
apEX,0.78
FL1T,0.78
Plopski,0.78
YEKINDAR,0.78
huNter-,0.78
Kyojin,0.78
MOUZ,14.52
Entropiq,8.42
Natus Vincere,6.13
Astralis,5.37
Movistar Riders,3.84
FaZe Clan,3.07
Virtus.Pro,2.31
Tyloo,2.31
BIG,1.54
G2 Esports,1.54
Team Spirit,1.54
ENCE,1.54
paiN Gaming,1.54
Copenhagen Flames,1.54
Heroic,1.54
Sharks Esports,0.78
Vitality,0.78
Evil Geniuses,0.78
Ninjas in Pyjamas,0.78
PGL,0.78
FURIA,0.78
Team Liquid,0.78
Renegades,0.78
GODSENT,0.78
Gambit Gaming,0.78
Natus Vincere,3.07
FaZe,2.31
Spirit,1.54
G2,1.54
Astralis,1.54
TYLOO,1.54
Fnatic,1.54
Gen.G,0.78
OG,0.78
Liquid,0.78
Evil Geniuses,0.78
GODSENT,0.78
ESPADA,0.78
Renegades,0.78
Vitality,0.78
Ninjas in Pyjamas,0.78
100 Thieves,0.78
BIG,0.78
Heroic,0.78
North,0.78
Virtus.pro,0.78
Boom,0.78
FURIA,0.78
Nemiga,0.78
DickStacy,348.59
kennyS,68.03
compLexity Gaming,59.62
HellRaisers,54.27
FaZe Clan,42.04
s1mple,42.04
ropz,41.28
North,40.51
mousesports,38.22
G2 Esports,32.87
Natus Vincere,32.10
Ninjas in Pyjamas,32.10
NiKo,31.34
FalleN,31.34
MIBR,30.57
Astralis,29.81
arT,29.04
INTZ E-SPORTS CLUB,26.75
kNgV-,25.99
Avangar,22.93
somebody,22.93
ENCE,19.11
Grayhound Gaming,19.11
StarLadder,19.11
Twistzz,17.58
NRG,17.58
ZywOo,16.05
Tyloo,16.05
Lucky,15.28
Syman Gaming,15.28
karrigan,15.28
CR4ZY,14.52
Summer,14.52
Renegades,12.99
Vitality,12.23
Team Liquid,12.23
FURIA,12.23
device,12.23
forZe eSports,12.23
fer,12.23
DreamEaters,12.23
yuurih,11.46
BnTeT,10.70
TACO,7.66
olofmeister,7.66
Attacker,6.90
Stewie2K,6.90
Perfecto,6.90
frozen,6.90
Sico,6.90
coldzera,6.13
VINI,6.13
Ramz1kBO$$,5.37
LUCAS1,5.37
EliGE,5.37
woxic,5.37
facecrack,5.37
GeT_RiGhT,5.37
NEO,4.60
Freeman,4.60
LETN1,4.60
rain,4.60
Aleksib,4.60
electronic,4.60
tarik,3.84
Xyp9x,3.84
shox,3.84
GuardiaN,3.84
huNter-,3.84
Jame,3.84
oBo,3.84
KSCERATO,3.84
Magisk,3.07
chrisJ,3.07
Ethan,3.07
Liazz,3.07
f0rest,3.07
FL1T,3.07
nexa,3.07
Boombl4,3.07
gla1ve,3.07
Zeus,3.07
ottoNd,3.07
Forester,3.07
erkaSt,3.07
malta,3.07
flamie,3.07
nitr0,3.07
dupreeh,3.07
xsepower,3.07
JUGi,2.31
stanislaw,2.31
buster,2.31
EspiranTo,2.31
sergej,2.31
DeStiNy,2.31
DeadFox,2.31
allu,2.31
svyat,2.31
Brehze,2.31
Jerry,2.31
dexter,2.31
speed4k,2.31
CeRq,2.31
v4lde,2.31
Golden,2.31
aizy,2.31
apEX,2.31
ALEX,2.31
xand,2.31
gade,2.31
JaCkz,2.31
chelo,2.31
neaLaN,2.31
RpK,2.31
kinqie,2.31
AmaNEk,2.31
AdreN,2.31
t0rick,2.31
NAF,2.31
ShahZaM,2.31
almazer,2.31
Keoz,2.31
Lekr0,2.31
SicK,2.31
Kjaerbye,2.31
oskar,2.31
SANJI,1.54
Gratisfaction,1.54
qikert,1.54
Aerial,1.54
xseveN,1.54
jks,1.54
ableJ,1.54
AZR,1.54
REZ,1.54
jkaem,1.54
NBK-,1.54
yel,1.54
ANGE1,1.54
ISSAA,1.54
dephh,1.54
loWel,1.54
Rickeh,1.54
Krad,1.54
DickStacy,606.98
kennyS,312.66
BIG,279.02
s1mple,175.82
Team Spirit,149.83
ViCi Gaming,142.95
compLexity Gaming,137.60
Cloud9,123.07
G2 Esports,116.19
RUSH,113.90
HellRaisers,111.61
Team Liquid,100.14
Vitality,90.20
arT,87.91
Natus Vincere,84.09
Aleksib,74.91
Vega Squadron,74.15
Ninjas in Pyjamas,74.15
IEM,73.38
FaZe Clan,71.85
FalleN,71.09
Fnatic,68.03
FURIA,65.74
MIBR,63.45
NiKo,63.45
Avangar,63.45
Tyloo,62.68
ZywOo,61.92
Stewie2K,58.09
Astralis,49.69
Grayhound Gaming,49.69
somebody,48.16
XANTARES,45.86
Boombl4,45.86
Winstrike Team,44.33
Twistzz,41.28
device,37.45
Renegades,36.69
NRG,35.92
Lucky,30.57
Dima,29.81
sdy,29.04
WorldEdit,28.28
crush,26.75
jR,26.75
EliGE,24.46
Golden,24.46
shox,22.16
tonyblack,22.16
ENCE,22.16
rain,21.40
flusha,21.40
fer,20.64
S0tF1k,20.64
COLDYY1,20.64
chopper,19.87
autimatic,19.87
JW,19.87
olofmeister,19.11
coldzera,19.11
DavCost,18.34
kioShiMa,18.34
hutji,18.34
buster,18.34
electronic,17.58
Hobbit,16.05
nitr0,16.05
f0rest,16.05
n0rb3r7,15.28
TACO,15.28
apEX,15.28
ANGE1,14.52
VINI,14.52
GuardiaN,14.52
Xyp9x,14.52
Summer,14.52
Kvik,13.76
KSCERATO,13.76
NAF,13.76
ALEX,13.76
xccurate,12.99
Edward,12.99
Brollan,12.99
Freeman,12.99
FugLy,12.99
advent,12.23
wayLander,12.23
Jame,12.23
Attacker,12.23
woxic,12.23
CeRq,12.23
daps,12.23
sergej,12.23
twist,12.23
dupreeh,11.46
smooya,11.46
sterling,11.46
Zeus,11.46
flamie,11.46
tabseN,11.46
KrizzeN,11.46
JaCkz,11.46
dennis,11.46
xseveN,11.46
GeT_RiGhT,11.46
bodyy,11.46
KRIMZ,11.46
REZ,11.46
NBK-,10.70
Ethan,10.70
RpK,10.70
n0thing,10.70
DeadFox,10.70
BnTeT,10.70
yuurih,10.70
felps,10.70
ShahZaM,8.42
Aerial,8.42
jks,8.42
AdreN,8.42
allu,8.42
erkaSt,8.42
gob b,8.42
gla1ve,8.42
Brehze,8.42
tiziaN,8.42
Kaze,8.42
malta,8.42
Lekr0,8.42
jkaem,8.42
ableJ,7.66
zhokiNg,7.66
ISSAA,7.66
aumaN,7.66
Liazz,7.66
Gratisfaction,7.66
Rickeh,7.66
Xizt,7.66
stanislaw,7.66
qikert,7.66
fitch,7.66
dephh,7.66
Magisk,7.66
AZR,6.90
dexter,6.90
MSL,502.25
niko ,419.69
Twistzz,382.23
s1mple,287.43
bondik,274.44
kennyS,260.68
pashaBiceps,219.40
Cloud9,159.77
captainMo,155.18
ropz,152.12
OpTic Gaming,149.07
device,124.60
FalleN,124.60
Rickeh,119.25
Edward,119.25
AdreN,119.25
somebody,116.96
Virtus.Pro,108.55
smooya,96.32
FACEIT,94.79
NAF,94.79
DD,90.20
Natus Vincere,89.44
XANTARES,88.67
RUSH,85.62
G2 Esports,84.09
Team Spirit,80.26
FaZe Clan,79.50
sdy,77.21
Fnatic,73.38
Snax,71.09
NiKo,70.33
compLexity Gaming,68.03
Stewie2K,68.03
Space Soldiers,65.74
HellRaisers,64.21
BIG,63.45
Ninjas in Pyjamas,61.92
Skadoodle,61.15
MIBR,59.62
yay,58.86
EliGE,56.57
mousesports,56.57
North,55.80
fer,53.51
Astralis,53.51
tarik,52.74
TACO,50.45
Dosia,50.45
MICHU,47.39
jR,46.63
Vega Squadron,46.63
dupreeh,45.86
tonyblack,44.33
Rogue,44.33
Gambit Esports,43.57
Team Liquid,42.04
Tyloo,42.04
NEO,42.04
coldzera,39.75
Winstrike Team,38.22
autimatic,35.92
Dima,35.92
tabseN,35.16
byali,32.87
rain,32.87
electronic,32.10
paz,32.10
olofmeister,32.10
gla1ve,31.34
nex,30.57
chopper,30.57
BnTeT,29.81
crush,29.81
cadiaN,29.81
draken,29.04
JW,29.04
Xyp9x,28.28
GeT_RiGhT,27.52
mou,26.75
nitr0,26.75
xccurate,26.75
GuardiaN,25.99
shox,24.46
Renegades,24.46
Magisk,24.46
tiziaN,23.69
Hiko,23.69
Hobbit,22.93
snatchie,22.93
woxic,22.16
gade,21.40
Boombl4,21.40
gob b,20.64
SicK,20.64
S0tF1k,20.64
flamie,20.64
MAJ3R,20.64
SmithZz,19.87
k0nfig,19.87
dennis,19.87
Ex6TenZ,19.11
STYKO,19.11
Golden,19.11
aizy,19.11
REZ,19.11
f0rest,19.11
vice,19.11
DavCost,19.11
hutji,18.34
mir,18.34
v4lde,18.34
Calyx,18.34
DeadFox,18.34
COLDYY1,17.58
oskar,17.58
Nifty,17.58
Kjaerbye,16.05
ShahZaM,16.05
KRIMZ,16.05
ANDROID,16.05
JUGi,15.28
karrigan,15.28
cajunb,15.28
Snappi,15.28
ngiN,15.28
jkaem,14.52
Zeus,13.76
flusha,13.76
bodyy,12.99
stanislaw,12.99
ISSAA,12.99
Lekr0,12.23
jks,12.23
jmqa,11.46
AZR,11.46
suNny,11.46
ANGE1,11.46
waterfaLLZ,10.70
Xizt,10.70
Kvik,10.70
chrisJ,10.70
USTILO,10.70
dephh,10.70
balblna,8.42
Summer,450.26
LoveYY,295.08
Flash Gaming,107.78
Karsa,74.91
Kaze,70.33
Attacker,55.04
captainMo,2661.86
seang@res,2585.42
fnx,1885.17
somebody,1242.25
100 Thieves,1072.54
DD,1050.37
Twistzz,956.34
BIT,933.41
ScreaM,841.67
s1mple,740.76
HEN1,676.55
BnTeT,659.73
waterfaLLZ,542.00
LUCAS1,535.88
MSL,502.25
kennyS,437.27
Sprout Esports,428.10
Flipsid3 Tactics,428.10
dimasick,421.98
Team Liquid,313.43
Stewie2K,293.55
kNgV-,289.73
Happy,288.20
Avangar,281.32
Tyloo,275.20
NiKo,266.03
XANTARES,249.98
Jame,248.45
Astralis,238.51
EliGE,233.16
Cloud9,222.45
FalleN,217.87
device,217.87
ropz,203.34
Natus Vincere,186.52
NAF,184.23
keshandr,179.64
Team EnVyUs,177.35
SK Gaming,168.18
Lekr0,164.35
RUSH,161.30
Boombl4,159.00
Skadoodle,153.65
mousesports,136.83
pashaBiceps,136.07
FaZe Clan,133.78
coldzera,133.01
Fnatic,126.90
Virtus.Pro,126.13
rain,117.72
North,113.90
olofmeister,111.61
electronic,110.84
Snax,107.02
Xyp9x,106.26
BIG,102.43
Vega Squadron,98.61
GuardiaN,94.02
dupreeh,91.73
autimatic,91.73
tarik,91.73
markeloff,91.73
AmaNEk,88.67
Space Soldiers,87.91
bondik,85.62
SIXER,81.03
nitr0,80.26
RpK,80.26
flusha,80.26
fer,77.21
B1ad3,75.68
NEO,74.91
innocent,74.15
Gambit Esports,72.62
Spiidi,66.50
ngiN,65.74
k0nfig,65.74
tabseN,65.74
Misfits Gaming,64.97
gla1ve,64.97
kRYSTAL,64.21
jks,64.21
jdm64,63.45
Hobbit,61.15
paz,61.15
G2 Esports,61.15
balblna,59.62
Dosia,59.62
zehN,59.62
JW,58.86
TACO,58.09
denis,57.33
shox,56.57
v4lde,56.57
stanislaw,55.80
cajunb,55.04
STYKO,55.04
WorldEdit,53.51
wayLander,52.74
byali,52.74
aizy,50.45
chopper,49.69
Nifty,48.92
qikert,48.92
seized,48.16
xms,48.16
mou,47.39
SicK,47.39
karrigan,46.63
MAJ3R,45.86
jmqa,45.10
nex,44.33
suNny,44.33
oskar,44.33
jR,43.57
ELEAGUE,42.04
hutji,42.04
buster,42.04
Kjaerbye,42.04
mir,41.28
Kvik,41.28
fitch,41.28
devoduvek,40.51
TaZ,40.51
Zeus,40.51
Golden,39.75
Edward,39.75
AdreN,38.98
apEX,38.98
chrisJ,38.22
ShahZaM,38.22
flamie,38.22
keev,37.45
Renegades,37.45
felps,37.45
Calyx,36.69
AZR,36.69
KrizzeN,35.92
KRIMZ,35.16
USTILO,35.16
Quantum Bellator Fire,32.10
bodyy,31.34
gob b,30.57
NBK-,28.28
LEGIJA,27.52
s1mple,869.96
ropz,843.96
kennyS,671.20
MSL,533.59
NiKo,374.58
shroud,327.19
Flipsid3 Tactics,286.67
electronic,272.91
Stewie2K,198.76
device,187.29
Cloud9,180.41
keshandr,180.41
B1ad3,179.64
WorldEdit,158.24
pashaBiceps,151.36
SK Gaming,143.71
FalleN,142.95
k0nfig,140.66
AdreN,133.78
markeloff,133.01
Dosia,133.01
GuardiaN,132.25
Natus Vincere,131.48
Snax,129.19
Virtus.Pro,126.90
boltz,124.60
Skadoodle,118.49
wayLander,116.19
Magisk,115.43
olofmeister,112.37
HS,105.49
autimatic,100.90
denis,100.90
mousesports,98.61
LUCAS1,96.32
loWel,94.79
n0thing,94.79
NEO,94.79
rain,94.02
G2 Esports,90.97
chrisJ,90.20
chopper,84.09
Astralis,83.32
Edward,81.03
FaZe Clan,81.03
flamie,81.03
jR,79.50
HEN1,78.73
Fnatic,78.73
oskar,76.44
JW,76.44
hutji,75.68
mir,74.15
Immortals,72.62
coldzera,70.33
aizy,70.33
seized,68.03
fer,66.50
Hobbit,66.50
Xyp9x,66.50
dupreeh,65.74
shox,61.92
cajunb,61.15
byali,61.15
gla1ve,61.15
dennis,59.62
TaZ,59.62
Zeus,59.62
flusha,59.62
kNgV-,58.86
steel,58.86
Vega Squadron,57.33
karrigan,56.57
apEX,56.57
PENTA Sports,55.80
BIG,55.80
North,55.80
Gambit,55.04
keev,55.04
kRYSTAL,54.27
KRIMZ,54.27
suNny,53.51
PGL,53.51
innocent,53.51
tabseN,50.45
TACO,48.92
NBK-,46.63
allu,45.86
Kjaerbye,45.10
mou,42.04
kioShiMa,41.28
bodyy,38.22
gob b,38.22
zehN,37.45
felps,36.69
nex,36.69
LEGIJA,35.16
s1mple,5076.04
Pimp,1404.32
NiKo,931.88
kennyS,869.96
electronic,699.48
EliGE,636.03
ScreaM,609.27
Team Liquid,600.86
rain,590.16
olofmeister,580.22
device,569.52
Flipsid3 Tactics,545.06
tarik,519.83
MSL,492.31
DeadFox,480.08
G2 Esports,479.31
RUSH,479.31
NAF,477.79
WorldEdit,450.26
Zero,425.80
GuardiaN,412.81
OpTic Gaming,382.99
Natus Vincere,376.11
FaZe Clan,370.76
B1ad3,327.95
Astralis,316.48
mousesports,310.37
flamie,305.78
fox,300.43
Dosia,299.67
markeloff,296.61
FalleN,296.61
Virtus.Pro,276.73
HellRaisers,273.67
jdm64,269.85
mixwell,265.26
Happy,263.74
Xyp9x,260.68
Edward,258.38
k0nfig,256.86
nitr0,256.86
Hiko,256.86
Magisk,253.03
dupreeh,236.98
gla1ve,224.75
Team EnVyUs,221.69
wayLander,216.34
AdreN,214.05
ANGE1,210.99
Hobbit,207.17
STYKO,207.17
SK Gaming,205.64
seized,202.58
Fnatic,199.52
stanislaw,188.05
allu,180.41
karrigan,179.64
Zeus,175.82
coldzera,168.94
bondik,166.65
flusha,165.12
Lekr0,154.42
denis,154.42
pashaBiceps,152.89
Snax,147.54
loWel,146.01
chrisJ,141.42
shox,140.66
JW,138.36
fer,128.43
Gambit Gaming,127.66
twist,125.37
cajunb,119.25
Spiidi,119.25
apEX,119.25
kioShiMa,117.72
NBK-,114.66
RUBINO,110.08
GODSENT,109.31
Kjaerbye,106.26
bodyy,105.49
North,101.67
dennis,99.38
SmithZz,99.38
SIXER,97.08
aizy,96.32
RpK,94.79
TACO,91.73
disco doplan,90.20
mou,85.62
NEO,84.85
pronax,78.73
KRIMZ,76.44
znajder,71.85
byali,71.85
TaZ,61.15
ELEAGUE,46.63
kennyS,1901.98
ScreaM,1707.05
NiKo,1204.03
device,1044.25
s1mple,1021.32
Dosia,917.35
shox,900.53
Team Dignitas,870.72
MSL,785.87
rain,762.93
nex,726.24
k0nfig,676.55
markeloff,651.32
fnx,625.33
FalleN,609.27
fox,566.46
koosta,522.12
hazed,516.01
Astralis,510.66
NAF,481.61
tarik,460.20
dupreeh,435.74
Counter Logic Gaming,427.33
G2 Esports,409.75
Xyp9x,404.40
Flipsid3 Tactics,399.81
gla1ve,392.17
RUSH,348.59
Team Liquid,340.18
pita,340.18
mixwell,329.48
Happy,314.19
Shara,300.43
B1ad3,291.26
FaZe Clan,289.73
pashaBiceps,283.61
Natus Vincere,274.44
AdreN,265.26
reltuC,263.74
TENZKI,251.50
mousesports,249.21
WorldEdit,230.86
Team EnVyUs,229.33
olofmeister,217.10
Gambit Gaming,214.05
kioShiMa,210.99
SK Gaming,208.69
apEX,203.34
karrigan,199.52
Virtus.Pro,197.99
RUBINO,189.58
mou,188.05
coldzera,186.52
aizy,185.00
OpTic Gaming,185.00
GuardiaN,177.35
DEVIL,175.82
EliGE,173.53
GeT_RiGhT,172.76
cajunb,169.71
Ninjas in Pyjamas,166.65
Snax,164.35
wayLander,164.35
spaze,162.06
hooch,159.77
chrisJ,155.95
NEO,152.89
fer,152.89
RpK,149.83
SmithZz,141.42
Fnatic,131.48
denis,129.19
NBK-,129.19
stanislaw,128.43
Spiidi,128.43
daps,126.90
f0rest,120.78
bodyy,119.25
jkaem,116.96
JW,110.84
TACO,110.84
flamie,109.31
Zeus,109.31
Edward,107.02
friberg,98.61
Hiko,94.79
ESL,94.02
nitr0,92.50
seized,91.73
flusha,87.91
byali,82.56
dennis,76.44
Xizt,75.68
jdm64,74.91
KRIMZ,64.97
TaZ,61.15
pyth,55.04
ScreaM,1444.83
shroud,1044.25
NiKo,703.30
s1mple,661.26
Stewie2K,653.61
kennyS,645.97
fnx,470.14
FalleN,445.68
shox,373.82
Flipsid3 Tactics,365.41
Skadoodle,348.59
Team Liquid,340.18
markeloff,324.89
device,311.13
MLG,292.02
rain,272.91
fox,259.15
Luminosity Gaming,256.09
G2 Esports,254.56
Cloud9,248.45
n0thing,230.10
Counter Logic Gaming,217.87
jasonR,217.87
B1ad3,215.57
Dosia,203.34
pashaBiceps,194.93
freakazoid,191.11
Happy,185.00
mousesports,169.71
bondik,164.35
tarik,160.53
Astralis,153.65
coldzera,152.12
Shara,147.54
Virtus.Pro,145.24
EliGE,143.71
TACO,136.83
Ninjas in Pyjamas,133.78
Natus Vincere,131.48
Team EnVyUs,129.19
WorldEdit,128.43
Splyce,125.37
hooch,120.78
olofmeister,117.72
Snax,114.66
Professor_Chaos,114.66
fer,114.66
FaZe Clan,109.31
chrisJ,108.55
FugLy,108.55
Ex6TenZ,105.49
NEO,100.14
GeT_RiGhT,99.38
AdreN ,98.61
DAVEY,98.61
Xyp9x,97.08
SmithZz,94.79
DEVIL,94.02
dupreeh,90.20
Maikelele,87.91
RpK,84.09
NBK-,83.32
reltuC,82.56
Fnatic,81.79
Gambit Gaming,79.50
apEX,77.21
karrigan,75.68
hazed,74.91
Spiidi,74.15
byali,73.38
TaZ,73.38
denis,71.85
jdm64,71.85
f0rest,71.09
arya,70.33
wayLander,70.33
mou,67.27
nitr0,66.50
JW,66.50
friberg,66.50
jkaem,66.50
nex,62.68
aizy,61.15
GuardiaN,58.86
cajunb,58.09
Hiko,58.09
adreN,55.04
pyth,52.74
abE,52.74
flusha,49.69
Xizt,48.92
Zeus,45.86
flamie,45.10
KRIMZ,44.33
dennis,42.04
Edward,40.51
seized,32.87
NiKo,8686.61
EliGE,1104.65
peet,1051.13
Titan,963.22
shroud,961.69
ScreaM,870.72
Pimp,863.84
FalleN,827.91
Team Dignitas,724.71
MSL,571.05
kennyS,529.00
DreamHack,483.14
markeloff,451.03
GruBy,412.81
Skadoodle,404.40
chrisJ,384.52
B1ad3,379.17
coldzera,345.53
n0thing,334.07
Flipsid3 Tactics,327.95
Kjaerbye,310.37
fox,302.72
rain,295.08
tenzki,289.73
shox,279.02
boltz,272.91
tarik,267.56
aizy,248.45
gob b,248.45
pashaBiceps,233.92
RpK,225.51
fer,219.40
Snax,213.28
Luminosity Gaming,213.28
WorldEdit,210.99
Team Liquid,199.52
bondik,199.52
device,198.76
DavCost,197.99
Cloud9,197.23
nitr0,191.11
Ex6TenZ,191.11
SmithZz,189.58
olofmeister,188.05
G2 Esports,188.05
steel,182.70
denis,179.64
jdm64,175.82
mousesports,173.53
adreN,170.47
reltuC,160.53
Counter Logic Gaming,153.65
Hiko,152.89
Natus Vincere,152.89
Hyper,152.89
jkaem,152.89
freakazoid,152.12
GuardiaN,149.07
Happy,149.07
rallen,146.01
Furlan,141.42
nex,141.42
Vexed Gaming,132.25
Zeus,129.95
FNS,129.19
hazed,129.19
dupreeh,127.66
Xyp9x,126.90
seang@res,124.60
Maikelele,120.02
Team EnVyUs,118.49
Virtus.Pro,116.96
FugLy,108.55
NEO,106.26
Edward,102.43
dennis,99.38
f0rest,99.38
JW,96.32
Ninjas in Pyjamas,94.79
Fnatic,87.91
GeT_RiGhT,85.62
flamie,81.79
flusha,80.26
NBK-,77.21
friberg,77.21
seized,75.68
TaZ,75.68
byali,71.85
cajunb,70.33
karrigan,70.33
allu,64.97
pronax,62.68
KRIMZ,61.92
apEX,61.15
Xizt,58.09
kioShiMa,55.80
Team SoloMid,55.04
Titan,1281.24
FalleN,867.66
shroud,764.46
shox,714.77
boltz,584.05
ScreaM,560.35
coldzera,529.77
markeloff,460.97
kennyS,457.91
Skadoodle,401.34
James,399.81
fer,382.23
Flipsid3 Tactics,357.76
SPUNJ,344.00
RpK,339.42
device,329.48
Maniac,327.95
Luminosity Gaming,295.08
SmithZz,295.08
B1ad3,287.43
tarik,275.20
bondik,256.86
Ex6TenZ,251.50
pashaBiceps,239.27
steel,212.52
WorldEdit,211.75
Natus Vincere,207.17
n0thing,198.76
Team Immunity,197.23
Counter Logic Gaming,194.93
jks,190.35
fox,189.58
chrisJ,188.05
Havoc,178.12
DavCost,175.82
Snax,161.30
GuardiaN,159.00
Cloud9 G2A,159.00
Rickeh,153.65
olofmeister,152.89
GruBy,149.83
denis,149.83
ESL,149.07
freakazoid,147.54
mousesports,145.24
Zeus,138.36
Team EnVyUs,137.60
rain,136.83
Spiidi,136.83
emagine,133.01
FNS,132.25
jdm64,131.48
nex,128.43
Happy,127.66
hazed,123.84
Team eBettle,118.49
Virtus.Pro,117.72
Furlan,116.96
NEO,116.19
Edward,116.19
reltuC,114.66
gob b,112.37
USTILO,110.84
Hyper,110.08
AZR,109.31
Xyp9x,107.02
dupreeh,105.49
JW,105.49
Ninjas in Pyjamas,103.20
GeT_RiGhT,99.38
f0rest,97.85
peet,96.32
Fnatic,96.32
rallen,91.73
seang@res,87.91
Team Kinguin,85.62
byali,82.56
SnypeR,79.50
yam,79.50
Team SoloMid,78.73
flamie,74.91
friberg,74.15
dennis,73.38
seized,73.38
apEX,72.62
TaZ,70.33
flusha,70.33
karrigan,68.03
KRIMZ,65.74
Maikelele,63.45
cajunb,58.86
Renegades,57.33
allu,56.57
Xizt,55.80
NBK-,55.04
pronax,53.51
kioShiMa,52.74
Vox Eminor ,4707.57
Titan,4357.45
LGB eSports,4054.72
3DMAX,3307.84
HellRaisers,2703.14
Natus Vincere,2084.69
Cloud9 G2A,1702.46
Flipsid3 Tactics,1700.93
Keyd Stars,1580.14
Counter Logic Gaming,1100.06
Virtus.pro,986.15
Fnatic,699.48
Ninjas in Pyjamas ,603.92
PENTA Sports ,555.76
Team EnVyUs,539.71
TSM Kinguin,513.72
ESL One,399.05
iBUYPOWER,7916.79
Planetkey Dynamics,3050.97
Bravado Gaming,2602.23
Flipsid3 Tactics,2446.28
HellRaisers,2101.51
Team LDLC.com,1661.94
Team Dignitas,1541.16
Cloud9,1527.40
Copenhagen Wolves,1500.64
DreamHack Winter 2014,1028.20
myXMG,981.57
Natus Vincere,901.30
Virtus.Pro,870.72
ESC Gaming,870.72
Fnatic,819.50
PENTA Sports,766.75
Ninjas in Pyjamas,633.74
iBUYPOWER,3378.17
Titan,1901.98
Team Dignitas,1526.63
London Conspiracy,830.20
Team LDLC.com,707.13
Vox Eminor,707.13
Natus Vincere,630.68
Cloud9,504.54
Epsilon eSports,339.42
Copenhagen Wolves,290.49
Fnatic,285.14
HellRaisers,275.97
Virtus.Pro,248.45
MTS GameGod Wolf,248.45
Ninjas in Pyjamas,246.15
dAT team,229.33
Team LDLC.com,108394.25
LGB eSports,75666.74
Natus Vincere,57603.96
Vox Eminor,55385.48
mousesports,55137.03
3DMAX,48642.90
HellRaisers,48076.43
Virtus.Pro,45429.86
Ninjas in Pyjamas,43628.78
Fnatic,43517.17
Team Dignitas,40134.41
compLexity Gaming,36065.16
Clan-Mystik,34523.23
Reason Gaming,328643.50
Titan,NoRecentP
iBUYPOWER,282852.05
